city;zip
Aadorf;8355
Aarau;5000
Aarberg;3270
Aarburg;4663
Aarwangen;4912
Aathal;8607
Aawangen;8522
Abländschen;1657
Abtwil;9030
Abtwil;5646
Achseten;3725
Acla;7185
Acla (Safien);7104
Aclens;1123
Acquacalda;6718
Acquarossa;6716
Adelboden;3715
Adelboden;4806
Adetswil;8345
Adligenswil;6043
Adlikon bei Andelfingen;8452
Adlikon bei Regensdorf;8106
Adliswil;8134
Aebersold (Ringgis);3673
Aedermannsdorf;4714
Aefligen;3426
Aegerten;2558
Aekenmatt;3147
Aesch;6287
Aesch;4147
Aesch (ZH);8904
Aesch bei Maur;8127
Aesch bei Neftenbach;8412
Aeschau;3536
Aeschi;4556
Aeschi bei Spiez;3703
Aeschiried;3703
Aeschlen bei Oberdiessbach;3672
Aeschlen bei Sigriswil;3656
Aetigkofen;4583
Aetingen;4587
Aettenschwil;5645
Aeugst am Albis;8914
Aeugstertal;8914
Aeugustisried;9466
Aeuja;7250
Affeier;7133
Affeltrangen;9556
Affoltern am Albis;8910
Affoltern bei Zürich;8000
Affoltern im Emmental;3416
Agarn;3951
Agarone;6597
Agasul;8308
Ägerten;4923
Agiez;1352
Agno;6982
Agnuzzo;6933
Agra;6927
Agriswil;3216
Aigle;1860
Aïre;1219
Aire-la-Ville;1288
Airolo;6780
Albenried;3930
Alberswil;6248
Albeuve;1669
Albinen;3955
Albis;8135
Albisbrunn;8915
Albisrieden;8000
Albligen;3183
Albonago;6962
Albumo;6958
Alchenflüh;3422
Alchenstorf;3473
Aldesago;6974
Alfermée;2512
Algetshausen;9249
Alikon;5643
All'Acqua;6781
Allaman;1165
Alle;2942
Allenlüften;3205
Allens;1304
Allenwil;3054
Allenwinden;6319
Allerheiligenberg;4615
Allesse;1905
Allières;1669
Alliswil;5706
Allmendingen;3600
Allmendingen bei Bern;3112
Allmendsberg;9428
Allschwil;4123
Allweg;6372
Almens;7416
Alosen;6315
Alp Grüm;7710
Alpnach Dorf;6055
Alpnachstad;6053
Alpthal;8849
Alt St. Johann;9656
Altanca;6776
Altavilla;3280
Altbachs;8164
Altbüron;6147
Altdorf;6460
Altdorf;6460
Altdorf;8243
Alten;8453
Altenburg;5210
Altendorf;8852
Altendorf;9470
Altenklingen;8560
Altenrhein;9423
Alterswil;1715
Alterswil;9230
Alterswilen;8573
Althäusern;5628
Altikon;8479
Altishausen;8573
Altishofen;6246
Altnau;8595
Altreu;2545
Altstalden;5225
Altstätten;9450
Altstetten;8000
Altwis;6286
Alvaneu Bad;7473
Alvaneu Dorf;7492
Alvaschein;7451
Am Bach;7447
Ambrì;6775
Amden;8873
Ämet;8133
Aminona-sur-Sierre;3963
Amlikon;8514
Ammannsegg;4573
Ammenhausen;8506
Ammerswil;5600
Ammerzwil;3257
Amriswil;8580
Amsoldingen;3633
Amsteg;6474
Andeer;7440
Andelfingen;8450
Andermatt;6490
Andhausen;8572
Andiast;7159
Andwil;9204
Andwil;9204
Andwil;8586
Anetswil;9545
Angenstein;4147
Anglikon;5611
Anières;1247
Annunziata;7745
Antagnes;1867
Anwil;4469
Anzeinda;1882
Anzère;1972
Anzonico;6748
Appenzell;9050
Appenzell;9050
Appenzell;9050
Apples;1143
Aproz;1994
Aproz;1994
Aquila;6719
Aran;1091
Aranno;6994
Arare;1212
Araschgen;7062
Arbach;6340
Arbaz;1974
Arbedo;6517
Arboldswil;4424
Arbon;9320
Arcegno;6618
Arch;3296
Arconciel;1732
Ardez;7546
Ardon;1957
Arenenberg;8268
Areuse;2015
Arezen;7104
Argnoud;1966
Arisdorf;4422
Aristau;5628
Arlesheim;4144
Arn;8810
Arnegg;9212
Arnex-sur-Nyon;1277
Arnex-sur-Orbe;1321
Arni;3508
Arni;8905
Arnisäge;3508
Arogno;6822
Arolla;1986
Arosa;7050
Arosio;6939
Arrissoules;1463
Arruffens;1680
Arth;6415
Artore;6500
Arveyes;1884
Arvigo;6543
Arvillard;1991
Arzier;1273
Arzo;6864
Ascharina;7245
Ascona;6612
Asp;5025
Assens;1042
Ast;8572
Astano;6999
Asuel;2954
Athenaz;1285
Attalens;1616
Attelwil;5056
Attikon;8544
Attinghausen;6468
Attisholz;4533
Attiswil;4536
Au;8804
Au;9434
Au;5105
Au;5105
Au;8376
Aubonne;1170
Auboranges;1673
Auddes-sur-Riddes;1914
Auenstein;5105
Augio;6547
Augst;4302
Augwil;8426
Auliens;1867
Aumont;1484
Auressio;6661
Aurigeno;6677
Auslikon;8331
Aussays;1891
Ausserberg;3938
Ausserbinn;3995
Ausserdinhard;8474
Aussereriz;3619
Ausserferrera;7444
Aussersihl;8000
Auswil;4944
Autafond;1782
Autavaux;1475
Autigny;1742
Auvernier;2012
Auw;5644
Avegno;6670
Aven;1976
Avenches;1580
Avenex;1274
Avers;7447
Avry-devant-Pont;1644
Avry-sur-Matran;1754
Avully;1237
Avusy;1285
Axalp;3855
Ayer;3961
Azmoos;9478
Baar;6340
Baar;1996
Bäch;8806
Bächau;8806
Bachenbülach;8184
Bächis;9452
Bachletten;4000
Bächli;9633
Bachs;8164
Bachtel;8342
Bad Knutwil;6213
Bad Knutwil;6213
Bad Ragaz;7310
Bad Zurzach;5330
Baden;5400
Baggwil;3267
Bagnes;1934
Baldegg;6283
Baldingen;5333
Balen;7317
Balerna;6828
Balgach;9436
Ballaigues;1338
Ballens;1144
Ballmoos;3303
Ballwil;6275
Balm bei Günsberg;4525
Balm bei Meiringen;3860
Balm bei Messen;3254
Balmberg;4524
Balsthal;4710
Baltenschwil;8962
Baltenswil;8303
Balterswil;8362
Baltschieder;3937
Balzenwil;4856
Banco;6981
Bangerten bei Dieterswil;3256
Bangerten bei Worb;3076
Bangerten bei Worb;3076
Bänikon;8426
Bänikon;8514
Bänk;8471
Bannwil;4913
Bantigen;3065
Bärau;3552
Barbengo;6917
Barbengo Paese;6917
Barberêche;1783
Bardonnex;1257
Bäretswil;8344
Bärfischenhaus;3204
Bärfischenhaus;3204
Bargen;3282
Bargen;8233
Bäriswil;3323
Barmelweid;5017
Bärschwil;4252
Bärschwil Station;4252
Barzheim;8241
Basadingen;8254
Basel;4000
Bassecourt;2854
Basse-Nendaz;1996
Bassersdorf;8303
Bassins;1269
Bas-Vully;1786
Bätershausen;8573
Bätterkinden;3315
Bättwil;4112
Bauen;6466
Baugy;1815
Baulmes;1446
Bauma;8494
Bavois;1372
Bazenheid;9602
Beatenberg;3803
Beatenbucht;3658
Bebikon;8414
Beckenried;6375
Bedano;6930
Bedigliora;6981
Bedretto;6781
Beggingen;8228
Begnins;1268
Beinwil;4229
Beinwil (Freiamt);5637
Beinwil am See;5712
Beitenwil;3113
Belalp;3914
Belfaux;1782
Belfond;2354
Bellach;4512
Bellechasse;1786
Bellelay;2713
Bellerive;1585
Bellerive;1222
Bellerive;2805
Bellerive;2805
Bellevue;1293
Bellikon;5454
Bellinzona;6500
Bellmund;2564
Bellwald;3997
Belmont-sur-Lausanne;1092
Belmont-sur-Yverdon;1432
Belp;3123
Belpberg;3124
Belprahon;2744
Bémont;2406
Bendlehn;9042
Bendlikon;8802
Bénex;1197
Benglen;8121
Benken;8463
Benken;4105
Benken;8717
Bennau;8836
Bennwil;4431
Benzenschwil;5636
Bercher;1038
Berg;8625
Berg;8471
Berg;9305
Berg;8572
Berg am Irchel;8415
Bergdietikon;8962
Bergün/Bravuogn;7482
Beride;6981
Berikon;8965
Beringen;8222
Berisal;3900
Berken;3376
Berlens;1680
Berlincourt;2854
Berlingen;8267
Bern;3000
Bernau;5325
Berneck;9442
Berneck;9442
Bernex;1233
Bernhardzell;9304
Bernina Suot;7504
Bernrain;8280
Berolle;1149
Beromünster;6215
Berschis;8892
Bertschikon;8614
Bertschikon bei Attikon;8543
Berzona;6661
Besazio;6863
Besenbüren;5627
Besencens;1609
Bethelhausen;8546
Bethlehem;3000
Betlis;8872
Betschwanden;8777
Betten;3991
Bettenhausen;3366
Bettens;1042
Bettingen;4126
Bettlach;2544
Bettmeralp;3992
Bettwiesen;9553
Bettwil;5618
Beurnevésin;2935
Beuson;1996
Bevaix;2022
Bever;7502
Bévilard;2735
Bewangen;8543
Bex;1880
Bezikon;8735
Beznau;5312
Biasca;6710
Biasca Stazione;6710
Biaufond;2336
Biberbrugg;8836
Biberbrugg;8836
Biberen;3206
Biberist;4562
Bibermühle bei Ramsen;8262
Bibern;4578
Bibern;8242
Biberstein;5023
Bichelsee;8363
Bichwil;9248
Bickigen;3472
Bickwil;8912
Bidogno;6958
Biel;4105
Biel;3989
Biel/Bienne;2500
Biembach im Emmental;3419
Bienenberg;4410
Bière;1145
Biessenhofen;8580
Bietenholz;8307
Bieudron;1996
Biezwil;4585
Bigenthal;3513
Biglen;3507
Bignasco;6676
Bigogno;6927
Bigorio;6954
Billens;1681
Billikon;8314
Bilten;8865
Binn;3996
Binningen;4102
Binz;8122
Binzikon;8627
Bioggio;6934
Biogno;6981
Biogno;6932
Bioley-Magnoux;1407
Bioley-Orjulaz;1042
Bionnens;1670
Birchwil;8309
Birgisch;3903
Birmensdorf;8903
Birmenstorf;5413
Bironico;6804
Birr;5242
Birrhard;5244
Birri;5628
Birrwil;5708
Birsfelden;4127
Birsfelden;4127
Birwinken;8585
Bischofszell;9220
Bisikon;8307
Bisisthal;6436
Bissegg;8514
Bissone;6816
Bister;3983
Bitsch;3982
Bittwil bei Rapperswil;3255
Bivio;7457
Blankenburg;3771
Blapach;3537
Blatten;3919
Blatten (Malters);6102
Blatten bei Naters;3914
Blauen;4223
Blausee;3717
Bleichenberg;4562
Bleienbach;3368
Bleiken;8583
Bleiken bei Oberdiessbach;3674
Blessens;1675
Blickensdorf;6340
Blidegg;9220
Bliggenswil;8494
Blignoud;1966
Blitterswil;8493
Blitzingen;3989
Blonay;1807
Bluche;3975
Blumenstein;3638
Böbikon;5334
Böckten;4461
Boden;3715
Bodio;6743
Boécourt;2856
Bofflens;1353
Bogis-Bossey;1279
Bognau;6216
Bogno;6951
Bohler;6221
Bohler;6221
Bois-Bougy;1260
Bôle;2014
Bolken;4556
Boll;3067
Boll bei Wohlen;5610
Bolligen;3065
Bollingen;8715
Bollion;1470
Bollodingen;3366
Boltigen;3766
Boltshausen;8561
Bombinasco;6981
Bonaduz;7402
Bonau;8554
Boncourt;2926
Bondo;7606
Bonfol;2944
Bönigen;3806
Boningen;4618
Boniswil;5706
Bonnefontaine;1724
Bonstetten;8906
Bonvillars;1427
Boppelsen;8113
Borex;1277
Borgnone;6658
Borgonovo;7604
Bornhausen;8264
Bos-cha;7545
Boscherina;6852
Bosco Luganese;6935
Bosco/Gurin;6685
Bösingen;3178
Bossonnens;1615
Bossy;1239
Boswil;5623
Botsberg;9230
Bottens;1041
Bottenwil;4814
Botterens;1652
Bottighofen;8598
Bottmingen;4103
Böttstein;5315
Botyre;1966
Boudevilliers;2043
Boudry;2017
Bougy-Villars;1172
Boulens;1063
Bouloz;1699
Bourdigny;1242
Bourg-St-Pierre;1946
Bourguillon;1722
Bournens;1035
Bourrignon;2803
Boussens;1034
Bouveret;1897
Boveresse;2113
Bovernier;1932
Bowil;3533
Bözen;5076
Bözingen;2500
Braggio;6544
Brail;7527
Bramberg;3176
Bramboden;6167
Bramois;1967
Branche-d'en-Bas;1944
Branche-d'en-Haut;1944
Branson;1926
Bratsch;3957
Braunau;9502
Braunwald;8784
Brè sopra Lugano;6979
Breganzona;6932
Breil/Brigels;7165
Breilles;1783
Breite;8309
Breite;4000
Breiten;6130
Breiten;3983
Breitenbach;4226
Breitenegg;3474
Breitenloo;9214
Breitenrain;3000
Breiti-Saland;8492
Bremblens;1121
Bremgarten;5620
Bremgarten bei Bern;3047
Brenden;9426
Brenles;1683
Breno;6937
Brent;1817
Brenzikofen;3671
Bressaucourt;2904
Bressonnaz;1510
Bressonnaz;1510
Bressonnaz;1510
Bretaye;1884
Bretigny-sur-Morrens;1053
Bretonnières;1329
Bretzwil;4207
Briannen;3951
Brie;3966
Briee;6672
Brienz;3855
Brienz/Brinzauls;7084
Brienzwiler;3856
Brig;3900
Brigerbad;3900
Brignon;1996
Brione (Verzasca);6634
Brione sopra Minusio;6645
Brione sopra Minusio;6645
Briseck;6144
Brislach;4225
Brissago;6614
Bristen;6475
Brittern;4588
Brittnau;4805
Broc;1636
Broc-Fabrique;1636
Brodhüsi;3752
Broglio;6693
Bronschhofen;9552
Brontallo;6692
Brot-Dessous;2149
Brot-Dessus;2318
Brot-Plamboz;2318
Bruderholz;4000
Bruderholz;4101
Bruderholz;4101
Brugg;5200
Brügg;2555
Brüggelbach;3176
Bruggen;9000
Brügglen;4582
Brülisau;9058
Brülisau;9058
Brün;7122
Brunegg;5505
Brünggen;8483
Brünig;3860
Brünigen;3860
Brünisried;1719
Brunnadern;9125
Brunnen;6440
Brunnenthal;3307
Brunnersberg;4717
Brunnersberg;4717
Brunnwil;5637
Brusata;6883
Brüschwil;8580
Brusino Arsizio;6827
Brusio;7743
Bruson;1934
Brüttelen;3237
Brütten;8311
Brüttisellen;8306
Bruzella;6837
Bubendorf;4416
Bubikon;8608
Büblikon;5512
Buch;8263
Buch am Irchel;8414
Buch bei Frauenfeld;8524
Buch bei Happerswil;8586
Buch bei Märwil;9562
Buch bei Mühleberg;3205
Buchackern;8586
Buchberg;8454
Buchegg;4586
Büchel;9464
Buchen;3623
Buchen im Prättigau;7223
Buchenegg;8143
Buchholterberg;3615
Buchholz;3600
Buchillon;1164
Buchrain;6033
Buchs;8107
Buchs;6211
Buchs;9470
Buchs;5033
Büchslen;3215
Buchthalen;8203
Buckten;4446
Buechen bei Staad;9422
Büelisacher;5622
Büetigen;3263
Bugnaux;1180
Bühl;8500
Bühl bei Aarberg;3274
Bühler;9055
Buhwil;9215
Buix;2925
Bülach;8180
Bulle;1630
Bullet;1453
Bumbach;6197
Bümpliz;3000
Bundkofen;3054
Bundtels;3186
Bunt;9630
Bünzen;5624
Buochs;6374
Buonas;6343
Bürchen;3935
Bure;2915
Büren;4413
Büren;5272
Büren;8558
Büren an der Aare;3294
Büren nid dem Bach;6382
Büren zum Hof;3313
Bürenberg;2603
Burg;5736
Burg;8570
Bürg;8732
Burg bei Murten;3280
Burg im Leimental;4117
Burgäschi;4556
Burgau;9230
Burgdorf;3400
Bürgenstock;6363
Bürgenstock;6363
Burgerau;9470
Burghalden;8805
Burgistein;3664
Burgistein Station;3664
Burgistein Station;3664
Burglauenen;3816
Bürglen;6463
Bürglen;6078
Bürglen;8575
Burier;1814
Buriet;9425
Büriswilen;9442
Büron;6233
Bursinel;1195
Bursins;1183
Burtigny;1268
Büschikon;5522
Büschikon;5522
Buseno;6542
Bussenhusen;8330
Büsserach;4227
Bussigny-près-Lausanne;1030
Bussigny-sur-Oron;1608
Busslingen;5453
Bussnang;9565
Busswil;8371
Busswil bei Büren;3292
Busswil bei Heimiswil;3414
Busswil bei Melchnau;4917
Bussy;1541
Bussy-Chardonney;1136
Bussy-sur-Moudon;1514
Bütikofen;3422
Bütschwil;9606
Büttenhardt;8236
Buttenried;3203
Buttes;2115
Buttikon;8863
Büttikon;5619
Buttisholz;6018
Buttwil;5632
Bütz;5085
Bützberg;4922
Buus;4463
Cabbio;6838
Cabbiolo;6558
Cadanza;6658
Cademario;6936
Cadempino;6814
Cadenazzo;6593
Cadepiano;6917
Cadro;6965
Cagiallo;6955
Calezzo;6655
Calfreisen;7027
Calonico;6746
Calpiogna;6760
Calprino;6900
Cama;6557
Camana;7107
Camedo;6659
Camignolo;6803
Camischolas;7187
Camorino;6528
Campascio;7748
Campello;6760
Camperio;6718
Campestro;6950
Campliun;7166
Campo (Blenio);6720
Campo (Vallemaggia);6684
Campocologno;7744
Campora;6875
Campra;6718
Campsut;7446
Camuns;7113
Caneggio;6837
Canobbio;6952
Canols;7077
Capidogno;6802
Capolago;6825
Caprino;6823
Cara;1243
Carabbia;6913
Carabietta;6919
Carasso;6500
Cardada;6600
Carena;6584
Carì;6760
Carignan;1565
Carmena;6583
Carona;6914
Carouge;1227
Carrera;7122
Carrouge;1084
Cartigny;1236
Casaccia;7602
Casate;6883
Casima;6875
Caslano;6987
Cassarate;6900
Cassero;6702
Cassina d'Agno;6990
Castagnola;6976
Castaneda;6540
Castasegna;7608
Castel S. Pietro;6874
Castelrotto;6980
Casti;7433
Castiel;7027
Castione;6532
Castrisch;7126
Castro;6723
Catto;6777
Cauco;6546
Caux;1824
Cavaglia;7742
Cavagnago;6749
Cavajone;7748
Cavallino;6823
Cavardiras;7182
Cavergno;6690
Caviano;6578
Cavigliano;6654
Cazis;7408
Celerina/Schlarigna;7505
Céligny;1298
Cerentino;6683
Cergnat;1863
Cerneux-Godat;2336
Cerniat;1654
Cerniaz;1682
Cernier;2053
Certara;6959
Certenago;6926
Certoux;1258
Cevio;6675
Châbles;1474
Chabrey;1589
Chailly;1000
Chailly;1816
Chaindon;2732
Chalais;3966
Cham;6330
Chambésy;1292
Chamblioux;1763
Chamblioux;1763
Chamblon;1436
Chambrelien;2019
Chambrelien;2019
Chamby;1832
Chamoille;1933
Chamoille d'Orsières;1937
Chamoson;1955
Champagne;1424
Champ-du-Moulin;2149
Champ-du-Moulin;2149
Champéry;1874
Champex;1938
Champfèr;7512
Champfèr;7512
Champlan;1971
Champmartin;1588
Champoussin;1873
Champoz;2735
Champsec;1947
Champtauroz;1537
Champvent;1443
Champzabé;3976
Champzabé;3976
Chamues-ch;7522
Chancy;1284
Chandolin;3961
Chandolin;1965
Chandon;1773
Chandonne;1945
Chandossel;1583
Chanéaz;1409
Chapella;7526
Chapelle (Broye);1534
Chapelle (Glâne);1608
Chapelle-sur-Moudon;1063
Chapf;9032
Chäppeli;4153
Chardonne;1803
Chardonney;1041
Charmey;1637
Charmoille;2947
Charrat;1906
Charrot;1257
Chasseral;2518
Chasseron;1452
Chataigneriaz;1297
Châtaignier;1926
Château-d'Oex;1660
Châteauneuf;1950
Châtelaine;1219
Châtelard;1095
Châtelat;2715
Châtel-St-Denis;1618
Châtel-sur-Montsalvens;1653
Châtel-sur-Rolle;1186
Châtillens;1610
Châtillon;1473
Châtillon;2843
Châtonnaye;1553
Chaumont;2067
Chaumont;2067
Chavannes-de-Bogis;1279
Chavannes-des-Bois;1290
Chavannes-le-Chêne;1464
Chavannes-les-Forts;1676
Chavannes-le-Veyron;1148
Chavannes-près-Renens;1022
Chavannes-sous-Orsonnens;1694
Chavannes-sur-Moudon;1512
Chavornay;1373
Cheiry;1529
Chelin;3978
Chemex;1872
Chemin;1927
Chemin-Dessous;1927
Chenaux;1091
Chêne-Bougeries;1224
Chêne-Bourg;1225
Chénens;1744
Chêne-Pâquier;1464
Chermignon;3971
Chermignon-d'en-Bas;3971
Chermignon-d'en-Haut;3971
Chernex;1822
Chervillers;2885
Chesalles-sur-Moudon;1683
Chesalles-sur-Oron;1608
Cheseaux;1400
Cheseaux-sur-Lausanne;1033
Chéserex;1275
Chesières;1885
Chésopelloz;1720
Chessel;1846
Chevenez;2906
Chevilly;1316
Chevrens;1247
Chèvres;1233
Chevrier;1244
Chevroux;1545
Chexbres;1071
Chexbres;1071
Cheyres;1468
Chez le Maìtre;1347
Chez Petit;1945
Chézard;2054
Chez-Basuel;2883
Chez-le-Bart;2025
Chez-les-Addy;1937
Chez-les-Reuse;1937
Chez-Meylan;1348
Chiasso;6830
Chiesa;6713
Chiggiogna;6764
Chigny;1134
Chilenfeld;8912
Chippis;3965
Chirchberg;8512
Chironico;6747
Choëx;1871
Choindez;2830
Chougny;1253
Choulex;1244
Choully;1242
Chramershus;3453
Chuderhüsi;3538
Chur;7000
Churwalden;7075
Cimadera;6959
Cimalmotto;6684
Cimo;6992
Cinuos-chel;7526
Clara;4000
Clarens;1815
Clarmont;1127
Claro;6702
Clavadel;7272
Clavaleyres;1595
Clèbes;1993
Clémesin;2057
Clugin;7442
Coeuve;2932
Coffrane;2207
Coglio;6678
Coinsins;1267
Cointrin;1216
Cointrin;1216
Col-des-Planches;1927
Coldrerio;6877
Col-du-Pillon;1865
Colla;6951
Collex;1239
Collinasca;6683
Collombey;1868
Collombey-le-Grand;1868
Collonge;1245
Collonges;1903
Cologna;7742
Cologny;1223
Colombier;1114
Colombier;2013
Comano;6949
Combremont-le-Grand;1535
Combremont-le-Petit;1536
Commeire;1937
Commugny;1291
Comologno;6663
Compatsch;7562
Comprovasco;6716
Conches;1231
Conches;1231
Concise;1426
Condémines;1996
Condra;6954
Confignon;1232
Constantine;1587
Conters im Prättigau;7241
Conthey;1964
Contone;6594
Contra;6646
Conzor;3974
Coppet;1296
Corban;2826
Corbella;6663
Corbeyrier;1856
Corbières;1647
Corcapolo;6655
Corcelettes;1422
Corcelles;2747
Corcelles;1616
Corcelles;2035
Corcelles-le-Jorat;1082
Corcelles-près-Concise;1426
Corcelles-près-Payerne;1562
Corcelles-sur-Chavornay;1374
Cordast;1792
Cordonaz;3972
Corgémont;2606
Corin-de-la-Crête;3960
Corippo;6631
Corjolens;1754
Cormagens;1782
Cormanon;1752
Cormérod;1721
Corminboeuf;1720
Cormondrèche;2036
Cormoret;2612
Cornaux;2087
Cornes de Cerf;1072
Cornol;2952
Corpataux;1727
Corrençon;1410
Correvon;1410
Corsalettes;1772
Corseaux;1802
Corserey;1747
Corsier;1246
Corsier-sur-Vevey;1804
Corsinge;1252
Corsy;1095
Cortaillod;2016
Cortébert;2607
Corteglia;6873
Corticiasca;6958
Cortivallo;6924
Corzoneso;6722
Cossonay-Gare;1305
Cossonay-Ville;1304
Cottens;1741
Cottens;1116
Cotterd;1585
Cotterg;1934
Coumin;1529
Courcelon;2823
Courchapoix;2825
Courchavon;2922
Courfaivre;2853
Courgenay;2950
Courgevaux;1796
Courlevon;1795
Cournillens;1721
Courrendlin;2830
Courroux;2822
Court;2738
Courtaman;1791
Courtedoux;2905
Courtelary;2608
Courtemaîche;2923
Courtemautruy;2950
Courtepin;1784
Courtételle;2852
Courtion;1721
Cousset;1774
Coussiberlé;1795
Couvet;2108
Cozzo;6951
Crana;6611
Crans-Montana;3963
Crans-Montana;3963
Crans-près-Céligny;1299
Crans-sur-Sierre;3963
Crans-sur-Sierre;3963
Crassier;1263
Crasta;7505
Crebelley;1845
Cremières;1071
Cremin;1526
Crémines;2746
Cresciano;6705
Cressier;1785
Cressier;2088
Cresta;7447
Crésuz;1653
Crêt-à-l'Oeil;1992
Creux-du-Van;2108
Cries;1941
Crissier;1023
Croglio;6980
Cronay;1406
Cröt;7446
Croy;1322
Crusch;7554
Cuarnens;1148
Cuarny;1404
Cudrefin;1588
Cugnasco;6516
Cugnasco;6516
Cugy;1482
Cugy;1053
Cully;1096
Cumbel;7142
Cumiasca;6722
Cumpadials;7176
Cunter;7452
Curaglia;7184
Cureggia;6963
Cureglia;6944
Curio;6986
Curtilles;1521
Curtina;6959
Cutterwil;1782
Dachlissen;8932
Dachsen;8447
Dachsleren;8165
Dägerlen;8471
Dagmersellen;6252
Daillens;1306
Daillon;1976
Daiwil;6126
Dalfazza;7240
Dalin;7424
Dallenwil;6383
Dällikon;8108
Dalpe;6774
Dampfwil;3268
Damphreux;2933
Damvant;2914
Dangio;6717
Däniken;4658
Dänikon;8114
Danis;7163
Dardagny;1283
Dardin;7164
Därligen;3707
Darnona;3973
Darnona;3973
Daro;6500
Därstetten;3763
Darvella;7166
Dättlikon;8421
Dättnau;8400
Dättwil;5405
Dätwil;8452
Davesco;6964
Daviaz;1891
Davos Dorf;7260
Davos Platz;7270
Degen;7145
Degermoos;5426
Degersheim;9113
Deggio;6777
Deisch;3993
Deisswil bei Münchenbuchsee;3053
Deisswil bei Stettlen;3066
Deisswil bei Stettlen;3066
Deitingen;4543
Delémont;2800
Delley;1567
Démoret;1415
Denens;1135
Denezy;1410
Denges;1026
Densbüren;5026
Dentenberg;3076
Derborence;1976
Derendingen;4552
Detligen;3036
Dettenbühl;4537
Dettenried;8484
Dettighofen;8574
Dettighofen;8505
Develier;2802
Dickbuch;8354
Dicken bei Degersheim;9115
Diechtersmatt;6074
Diegten;4457
Dielsdorf;8157
Diemberg;8733
Diemerswil;3053
Diemtigen;3754
Diepflingen;4442
Diepoldsau;9444
Dierikon;6036
Diesbach;8777
Diessbach bei Büren;3264
Diesse;2517
Diessenhofen;8253
Dietenwil;9526
Dieterswil;3256
Dietfurt;9615
Dietikon;8953
Dietingen;8524
Dietisberg;3184
Dietisberg;4448
Dietlikon;8305
Dietschiberg;6000
Dietschwil;9533
Dietwil;6042
Diezikon;8637
Digg;7014
Dingenhart;8500
Dinhard;8474
Dino;6967
Dintikon;5606
Diogne;3963
Diolly;1965
Dippishausen;8573
Dischma;7260
Disentis/Mustér;7180
Disla;7180
Dittingen;4243
Dizy;1304
Domat/Ems;7013
Dombresson;2056
Domdidier;1564
Dommartin;1041
Dompierre;1563
Dompierre;1682
Donat;7433
Donatyre;1580
Dongio;6715
Donneloye;1407
Donzhausen;8583
Doppleschwand;6112
Dorénaz;1905
Dorf;8458
Dörfli;8942
Dörflingen;8239
Dornach;4143
Dornachbrugg;4147
Dornhaus;8777
Dotnacht;8566
Dottero;6718
Dottikon;5605
Dottikon;5605
Döttingen;5312
Dotzigen;3293
Dozwil;8582
Dranse;1945
Dreien;9612
Drognens;1680
Drône;1965
Drossa;6809
Dübendorf;8600
Düdingen;3186
Duggingen;4202
Dugny;1912
Duillier;1266
Dulliken;4657
Dully;1195
Dünnershaus;8585
Duno;6702
Dürnten;8635
Dürrenäsch;5724
Dürrenast;3600
Dürrenroth;3465
Dürstelen;8335
Dussnang;8374
Duvin;7112
Eaumorte;1236
Eaumorte;1236
Ebersecken;6245
Ebersol;6276
Ebersol;9122
Eberswil;9220
Ebertswil;8925
Ebikon;6030
Ebligen;3855
Ebmatingen;8123
Ebnat-Kappel;9642
Ebnet;6163
Echallens;1040
Echandens;1026
Echarlens;1646
Echichens;1112
Eclagnens;1376
Eclépens;1312
Ecône;1908
Ecoteaux;1612
Ecublens;1673
Ecublens;1024
Ecuvillens;1730
Ederswiler;2813
Edisried;6073
Edlibach;6313
Effingen;5078
Effretikon;8307
Egenwil;5225
Egerkingen;4622
Egg;8847
Egg bei Flawil;9231
Egg bei Zürich;8132
Egga;7133
Egga;3991
Eggenwil;5445
Eggerberg;3939
Eggersriet;9034
Eggerstanden;9050
Eggethof;8585
Egghof;8523
Eggiwil;3537
Eglisau;8193
Egliswil;5704
Egnach;9322
Egolzwil;6243
Egschi;7104
Ehrikon;8489
Eich;6205
Eich;4658
Eichberg;9453
Eichholz bei Messen;3254
Eichholz bei Messen;3254
Eidberg;8400
Eien;5314
Eigenthal;6013
Eigergletscher;3823
Eiken;5074
Einigen;3646
Einsiedeln;8840
Eischoll;3943
Eison;1969
Eisten;3922
Eisten (Lötschen);3919
Elfingen;5077
Elgg;8353
Ellighausen;8566
Ellikon am Rhein;8464
Ellikon an der Thur;8548
Elm;8767
Elsau;8352
Elswil;3184
Embd;3926
Embrach;8424
Embrach-Embraport;8424
Emdthal;3711
Emmen;6032
Emmenbrücke;6020
Emmenmatt;3543
Emmenweid;6020
Emmetten;6376
Emmishofen;8280
Endhöri;8181
Endingen;5304
Endorf;3655
Enge;8000
Engelberg;6390
Engelberg bei Walterswil;5746
Engelburg;9032
Engelswilen;8566
Enges;2073
Enggenhütten;9050
Enggistein;3077
Engi;8765
Engi;4208
Engishofen;8586
Englisberg;3086
Engollon;2063
Engwang;8556
Engwilen;8564
Ennenda;8755
Ennetaach;8586
Ennetbaden;5408
Ennetbühl;9651
Ennetbühls;8755
Ennetbürgen;6373
Ennetlinth;8756
Ennetmoos;6372
Ennetturgi;5300
Enney;1667
Entlebuch;6162
Entre-deux-Monts;2400
Envelier;2829
Envy;1323
Epagnier;2074
Epagny;1663
Epalinges;1066
Epautheyres;1417
Epauvillers;2885
Ependes;1731
Ependes;1434
Epesses;1098
Epinassey;1890
Epiquerez;2886
Eppenberg;5012
Eppishusen;8586
Epsach;3272
Eptingen;4458
Erde;1976
Erdesson;3979
Erdhusen;9315
Ergisch;3947
Eriswil;4952
Eriz;3619
Erlach;3235
Erlen;8586
Erlenbach;8703
Erlenbach im Simmental;3762
Erlinsbach;5018
Erlinsbach (SO);5015
Erlosen;8340
Ermatingen;8272
Ermensee;6294
Ermenswil;8734
Ernen;3995
Ernetschwil;8725
Erschmatt;3957
Erschwil;4228
Ersigen;3423
Erste Altmatt;6418
Erstfeld;6472
Erzenholz;8500
Eschenbach;6274
Eschenbach;8733
Eschenmosen;8180
Eschenz;8264
Eschert;2743
Eschi;3766
Eschiens;1673
Eschikofen;8553
Eschikon;8315
Eschlikon;8474
Eschlikon;8360
Escholzmatt;6182
Esmonts;1670
Essert;1724
Essertes;1078
Essertfallon;2886
Essertines-sur-Rolle;1186
Essertines-sur-Yverdon;1417
Essert-Pittet;1435
Essert-sous-Champvent;1443
Esslingen;8133
Estavannens;1665
Estavayer-le-Gibloux;1695
Estavayer-le-Lac;1470
Estévenens;1687
Etagnières;1037
Etiez;1941
Etoy;1163
Etrabloz;1551
Ettenhausen;8620
Ettenhausen;8356
Ettenhausen bei Kyburg;8314
Ettingen;4107
Ettiswil;6218
Etzel;8847
Etzel Kulm;8835
Etzelkofen;3306
Etzelwil;6231
Etzgen;5275
Etziken;4554
Etzwil;5317
Etzwilen;8259
Eugerswil;8508
Euseigne;1982
Euthal;8844
Evilard;2533
Evionnaz;1902
Evolène;1983
Exergillod;1866
Ey bei Kirchberg;3400
Ey bei Kirchberg;3400
Eyfeld;3063
Eyholz;3930
Eymatt;3000
Eysins;1262
Fafleralp;3919
Fägswil;8630
Fahr;8109
Fahrhof;8525
Fahrni;3617
Fahrwangen;5615
Fahrweid;8951
Fahrweid;8951
Fahrweid;8951
Fahy;2916
Faido;6760
Faido Stazione;6760
Fajauna;7226
Falera;7153
Fällanden;8117
Faltigberg;8636
Fanas;7215
Fang;3961
Fankhaus (Trub);3557
Faoug;1595
Fardün;7433
Farnern;4539
Farvagny;1726
Farvagny-le-Grand;1726
Farvagny-le-Petit;1726
Faulensee;3705
Féchy;1173
Fehraltorf;8320
Fehren;4232
Fehrenthal;5316
Felben;8552
Feldbach;8714
Feldbach;8266
Feldbrunnen;4532
Feldis/Veulden;7404
Feldmeilen;8706
Feldmoos;9425
Felsberg;7012
Felsenau;3000
Felsenau;5316
Felsenegg;8143
Fenalet-sur-Bex;1880
Fendringen;3178
Fenil-sur-Corsier;1809
Fenin;2063
Fenkrieden;5645
Ferden;3916
Ferenbalm;3206
Ferenbalm Station;3208
Ferenberg bei Stettlen;3066
Ferlens;1076
Ferpècle;1984
Ferpicloz;1724
Ferren;6277
Ferret;1944
Ferreyres;1313
Feschel;3956
Fescoggia;6938
Fétigny;1532
Feuerthalen;8245
Feusisberg;8835
Feutersoey;3784
Fex;7514
Fey;1044
Fey;1996
Feydey;1854
Fiaugères;1609
Fidaz;7019
Fideris;7235
Fideris Station;7235
Fiesch;3984
Fieschertal;3984
Fiesso;6772
Fiez;1420
Figgione;6760
Figino;6918
Filet;3983
Filisur;7477
Fillistorf;3185
Filzbach;8757
Fimmelsberg;8514
Finhaut;1925
Finsterhennen;2577
Finstersee;6313
Finsterwald;6162
Fionnay;1948
First;8307
Fischbach;6145
Fischbach;5525
Fischbach;8558
Fischenthal;8497
Fischingen;8376
Fisibach;5467
Fislisbach;5442
Flaach;8416
Flamatt;3175
Flanthey;3978
Fläsch;7306
Flawil;9230
Fleckenhausen;4852
Flendruz;1659
Flerden;7426
Fleurier;2114
Flims;7017
Flims Dorf;7017
Flims Waldhaus;7018
Flond;7137
Flüelen;6454
Flüeli-Ranft;6073
Flugbrunnen;3065
Flüh;4112
Flühli;6173
Flumenthal;4534
Flums;8890
Fluntern;8000
Flurlingen;8247
Fly;8872
Fly;8872
Fondei;7057
Font;1473
Fontaine Dessous;1945
Fontaine Dessus;1945
Fontainemelon;2052
Fontaines;2046
Fontaines-sur-Grandson;1421
Fontana;7553
Fontanella;6834
Fontanezier;1423
Fontannen bei Wolhusen;6110
Fontanney;1860
Fontenais;2902
Fontenelle;1934
Fontnas;9476
Forch;8127
Forch;8127
Forchex;1867
Forel;1475
Forel (Lavaux);1072
Forel-sur-Lucens;1526
Formangueires;1782
Fornasette;6996
Fornet-Dessous;2717
Fornet-Dessus;2718
Fornex;1945
Foroglio;6690
Forst;9450
Forst bei Längenbühl;3636
Fortunoz;1966
Fosano;6574
Fossard;1225
Founex;1297
Franex;1489
Fräschels;3284
Frasco;6636
Frasnacht;9320
Frasses;1483
Fraubrunnen;3312
Frauchwil;3255
Frauenfeld;8500
Frauenkappelen;3202
Frauenkirch;7276
Freggio;6763
Fregiécourt;2953
Freiburghaus;3176
Freidorf;9306
Freienbach;8807
Freienstein;8427
Freienwil;5423
Freimettigen;3510
Frenières-sur-Bex;1880
Frenkendorf;4402
Fresens;2027
Fretereules;2149
Freudwil;8615
Fribourg;1700
Fribourg;1700
Frick;5070
Friedlisberg;8964
Frienisberg;3267
Friesencham;6332
Frieswil;3035
Friggahüs;7136
Friltschen;9504
Frinvillier;2535
Frittenbach;3436
Frittenbach;3436
Froburg;4634
Froideville;1055
Frontenex;1223
Fruence;1618
Frümsen;9467
Fruthwilen;8269
Frutigen;3714
Frutt;6068
Ftan;7551
Fulau;8352
Fuldera;7533
Fulenbach;4629
Full;5324
Füllinsdorf;4414
Fully;1926
Fuorns;7185
Fürgangen;3997
Fürigen;6363
Furna;7232
Fürstenau;7414
Fürstenaubruck;7413
Furth;9125
Fusio;6696
Gabi (Simplon);3907
Gächlingen;8214
Gächliwil;4584
Gachnang;8547
Gadenstätt;7244
Gadmen;3863
Gaggio;6934
Gaggiole;6596
Gaggiolo;6855
Gähwil;9534
Gaicht;2513
Gais;9056
Gaiserwald;9030
Galgenen;8854
Gallenkirch;5225
Galmiz;3285
Gals;3238
Galten;5272
Galteren;1712
Gambach;3153
Gammen;3206
Gammenthal;3454
Gampel;3945
Gampelen;3236
Gams;9473
Gamsen;3900
Gandria;6978
Gänsbrunnen;4716
Gansingen;5272
Ganterschwil;9608
Gärlich;3935
Garmiswil;3186
Garstatt;3766
Garten;8487
Gasel;3144
Gasenried;3924
Gasenzen;9473
Gassaura;7317
Gattikon;8136
Gebenstorf;5412
Gebertingen;8725
Gebhardswil;9203
Geeren;8044
Gehrau;8554
Geimen;3904
Geiss;6123
Geissholz;3860
Gelfingen;6284
Gelterfingen;3126
Gelterkinden;4460
Geltwil;5637
Gempen;4145
Gempenach;3215
Genestrerio;6852
Genève;1200
Genolier;1272
Genthod;1294
Gentilino;6925
Geretschwil;9212
Geristein;3065
Gerlafingen;4563
Gerlikon;8500
Gerlisberg;8302
Gerliswil;6020
Geroldswil;8954
Gerolfingen;2575
Gerra (Gambarogno);6576
Gerra (Verzasca);6635
Gerra Piano;6516
Gersau;6442
Gerzensee;3115
Geschinen;3985
Gettnau;6142
Getwing;3945
Getwing;3945
Geuensee;6232
Gfeld;9043
Gfenn;8600
Gfill;4852
Ghirone;6720
Giarsun;7545
Gibswil-Ried;8498
Giebenach;4304
Giessbach;3855
Giessen;8717
Giétroz;1925
Giez;1429
Giffers;1735
Gillarens;1673
Gilly;1182
Gimel;1188
Gimmelwald;3826
Gimmiz;3272
Gingins;1276
Giornico;6745
Gipf;5073
Gippingen;5316
Giraniga;7135
Girenbad bei Hinwil;8340
Girenbad bei Turbenthal;8488
Girsberg;8468
Gisenhard;8467
Gisikon;6038
Giswil;6074
Giswil;6074
Giubiasco;6512
Giumaglio;6678
Givisiez;1762
Givrins;1271
Gland;1115
Gland;1196
Gländ;4852
Glarey;3960
Glaris;7277
Glarisegg;8266
Glarus;8750
Glas;7428
Glashütten;4856
Glattbrugg;8152
Glattfelden;8192
Glattpark;8152
Gletsch;3999
Gletterens;1544
Glion;1823
Glis;3902
Glockenthal;3612
Glovelier;2855
Gluringen;3998
Glutières;1867
Gnadenthal;5524
Gnosca;6525
Gockhausen;8044
Gohl;3553
Gola di Lago;6950
Golaten;3207
Goldach;9403
Goldau;6410
Goldbach;8700
Goldbach;3432
Goldern;6085
Goldingen;8638
Goldiwil;3624
Goldswil bei Interlaken;3805
Golino;6656
Gollion;1124
Golzern;6475
Gomerkinden;3415
Gommiswald;8737
Gondiswil;4955
Gondo;3907
Gonten;9108
Gontenbad;9108
Gontenschwil;5728
Goppenstein;3917
Goppisberg;3983
Gordemo;6596
Gordevio;6672
Gordola;6596
Gorduno;6518
Gorgier;2023
Gorla;6874
Gornergrat;3920
Göschenen;6487
Göscheneralp;6487
Göslikon;5525
Gossau;8625
Gossau;9200
Gossens;1407
Gössikon;8126
Gossliwil;4579
Götighofen;8583
Gottefrey;1907
Gotthelf;4000
Gottlieben;8274
Gottshaus;9225
Gottstatt;2552
Gotzenwil;8400
Goumoens-la-Ville;1376
Goumoens-le-Jux;1376
Goumois;2354
Graben;3154
Graben;3376
Grabs;9472
Grabserberg;9472
Grächen;3925
Grächwil;3045
Grafenort;6388
Grafenort;6388
Grafenried;3308
Grafstal;8310
Graltshausen;8572
Grämigen;9601
Grancia;6916
Grancy;1117
Grand Mont;1052
Grand-Bayard;2127
Grandchamp;1820
Grandcour;1543
Grandevent;1421
Grandfontaine;2908
Grandgourt;2923
Grand-Lancy;1212
Grand-Lancy;1212
Grand-Savagnier;2065
Grandsivaz;1775
Grandson;1422
Grand-St-Bernard;1946
Grandval;2745
Grandvaux;1091
Grandvillard;1666
Granges;3977
Granges (Veveyse);1614
Granges-de-Vesin;1484
Granges-Paccot;1763
Granges-près-Marnand;1523
Granges-sous-Trey;1552
Grangettes;1686
Gränichen;5722
Granois;1965
Gräslikon;8415
Grasswil;3365
Grattavache;1624
Grauenstein;3325
Gravesano;6929
Greich;3983
Greifensee;8606
Grellingen;4203
Grenchen;2540
Grenchenberg;2540
Greng;3280
Grengiols;3993
Grenilles;1726
Grens;1274
Greppen;6404
Gresso;6611
Gressy;1432
Gretschins;9479
Gretzenbach;5014
Gribbio;6747
Griesalp;3723
Griesbach;3454
Griesenberg;8514
Grimentz;3961
Grimisuat;1971
Grimmialp;3757
Grimselpass;3864
Grindel;4247
Grindelwald;3818
Grissenberg;3266
Grod;4658
Grolley;1772
Grône;3979
Grono;6537
Gross;8841
Grossaffoltern;3257
Grossberg;8896
Grossdietwil;6146
Grossguschelmuth;1792
Grosshöchstetten;3506
Grossried (Ueberstorf);3175
Grossteil;6074
Grosswangen;6022
Grub;9035
Grub;9036
Gruben;3946
Grubenwald;3770
Grugnay;1955
Grund bei Gstaad;3783
Grüneck;8554
Grünen;3455
Grünenmatt;3452
Grüningen;8627
Grüsch;7214
Grüt;8624
Grütze;8400
Gruyères;1663
Gryon;1882
Gspon;3933
Gstaad;3780
Gsteig bei Gstaad;3785
Gsteigwiler;3814
Guarda;7545
Gudo;6515
Gueuroz;1920
Guévaux;1787
Guggisberg;3158
Guldenen;8127
Gumefens;1643
Gümligen;3073
Gümmenen;3205
Gundeldingen;4000
Gündelhart;8507
Gundetswil;8543
Gündisau;8322
Gündlikon;8543
Gündlischwand;3815
Güniken;6276
Günsberg;4524
Guntalingen;8468
Gunten;3654
Gunterschwil;8564
Guntershausen bei Aadorf;8357
Guntershausen bei Birwinken;8572
Guntmadingen;8223
Gunzgen;4617
Gunzwil;6222
Gurbrü;3208
Gurmels;3212
Gurnigel;3099
Gurtberg;9620
Gurten Kulm;3084
Gurtnellen;6482
Gurzelen;3663
Guschelmuth;1792
Gutenburg;4932
Gutenswil;8605
Gütighausen;8478
Guttannen;3864
Guttet;3956
Güttingen;8594
Gwatt;3645
Gwattstutz;3645
Gy;1251
Gysenstein;3503
Haag;2545
Haag;9469
Habkern;3804
Habsburg;5245
Habschwanden;6166
Habstetten;3065
Hadlikon;8340
Häfelfingen;4445
Hag;9052
Hagenbuch;8523
Hägendorf;4614
Hagendorn;6332
Hagenfirst;5317
Hagenwil am Nollen;8577
Hagenwil bei Amriswil;8580
Häggenschwil;9312
Hägglingen;5607
Hagneck;2575
Hakab;8309
Halden;9032
Halden;9223
Haldenstein;7023
Haldi bei Schattdorf;6469
Haldi bei Schattdorf;6469
Halingen;9548
Hallau;8215
Hallwil;5705
Halten;4566
Halten;9035
Halten;9035
Hämikon;6289
Hämlismatt;3508
Handegg;3864
Happerswil;8585
Hard;3054
Hard;9463
Hardern;3250
Harenwilen;8553
Härkingen;4624
Hartlisberg;3612
Hasenberg;8965
Hasenstrick;8342
Hasle;6166
Hasle bei Burgdorf;3415
Haslen;8773
Haslen;9054
Hasle-Rüegsau;3415
Hasli;3132
Hasli;8554
Hasliberg;8156
Hasliberg;6085
Hatswil;8580
Hattenhausen;8564
Hätzingen;8775
Hauenstein;4633
Haufen;9426
Hauptikon;8926
Hauptwil;9213
Hausen (AG);5212
Hausen am Albis;8915
Hausen bei Ossingen;8475
Häusermoos im Emmental;3463
Häusern;8554
Häuslenen;8522
Haute-Nendaz;1997
Hauterive;2068
Hauteville;1648
Hauteville (Vevey);1800
Häutligen;3510
Haut-Vully;1789
Hedingen;8908
Heerbrugg;9435
Heerbrugg;9435
Heerbrugg;9435
Heerbrugg;9435
Hefenhausen;8564
Hefenhofen;8580
Heggidorn;3202
Hegi;8400
Hegnau;8604
Heiden;9410
Heiligenschwendi;3625
Heiligkreuz;6166
Heiligkreuz;9000
Heiligkreuz;9000
Heiligkreuz;8888
Heiligkreuz;9515
Heimberg;3627
Heimenhausen;3373
Heimenhofen;8586
Heimenschwand;3615
Heimisbach;3453
Heimiswil;3412
Heinrichswil;4558
Heisch;8915
Heitenried;1714
Heitersberg;8957
Heiterschen;9545
Heiterswil;9630
Heitiwil;3186
Heldswil;9216
Helgisried;3155
Hellbühl;6016
Hellbühl;6016
Hellikon;4316
Hellsau;3429
Helmishueb;9313
Helsighausen;8558
Hemberg;9633
Hemishofen;8261
Hemmental;8231
Hemmerswil;8580
Hemmiken;4465
Henau;9247
Hendschiken;5604
Henggart;8444
Hennens;1681
Henniez;1525
Herbetswil;4715
Herbligen;3671
Herblingen;8207
Herbriggen;3927
Herdern;8535
Hérémence;1987
Hergiswil;6052
Hergiswil bei Willisau;6133
Herisau;9100
Herlisberg;6028
Hermance;1248
Hermatswil;8330
Hermenches;1513
Hermetschwil-Staffeln;5626
Hermikon;8600
Hermiswil;3475
Hermiswil bei Kirchenthurnen;3132
Hermrigen;3274
Herolfingen;3503
Herrenhof;8585
Herrenschwanden;3037
Herrliberg;8704
Hersberg;4423
Herschmettlen;8626
Hersiwil;4558
Hertenstein;6353
Hertenstein;5415
Herzberg;5025
Herznach;5027
Herzogenbuchsee;3360
Herzwil;3172
Heslibach;8700
Hessenreuti;8583
Hessigkofen;4577
Hettenschwil;5317
Hettiswil bei Hindelbank;3325
Hettlingen;8442
Heubach;3154
Heusberg;8607
Heustrich;3711
Hildisrieden;6024
Hilfernthal;6192
Hilfikon;5613
Hilterfingen;3652
Himmelried;4204
Hindelbank;3324
Hinterbäch;8806
Hinterbäch;8806
Hinteregg;8132
Hinterforst;9452
Hinterforst;9452
Hinterfultigen;3089
Hintergoldingen;8638
Hinterhof;9033
Hinterkappelen;3032
Hinterkappelen;3032
Hintermoos;6260
Hinterrhein;7438
Hinterthal;6436
Hinterwil;4813
Hinwil;8340
Hirschensprung;9464
Hirschhorn;3153
Hirschmatt;3158
Hirschthal;5042
Hirslanden;8000
Hirzboden;3715
Hirzbrunnen;4000
Hirzel;8816
Hittenberg;8636
Hittnau;8335
Hitzkirch;6285
Hochdorf;6280
Hochdorf;6280
Hochfelden;8182
Höchstetten;3429
Hochwald;4146
Hochwiese;8893
Hoch-Ybrig;8842
Hoch-Ybrig;8842
Hof;8304
Hof;9404
Hof;8590
Hof bei Uznach;8730
Hofen;4943
Hofen;8242
Höfen;3631
Hofen bei Sirnach;8370
Hoffeld;9114
Hofstatt;6154
Hofstetten;8154
Hofstetten;4114
Hofstetten (ZH);8354
Hofstetten bei Brienz;3858
Hofwil;3053
Hohenrain;6276
Hohentannen;9216
Hohfluh;6083
Hohriet;9404
Hohtenn;3949
Holderbank;4718
Holderbank;5113
Hölstein;4434
Holzenstein;8590
Holzhäusern;6343
Holzhäusern;8558
Holziken;5043
Holzji;3902
Holzmannshaus;8360
Homberg;3622
Hombrechtikon;8634
Homburg;8508
Honau;6038
Hondrich;3702
Höngen;4712
Höngg;8000
Horben bei Frauenfeld;8524
Horben bei Illnau;8308
Horben bei Sirnach;8372
Horboden;3755
Horgen;8810
Horgenbach;8500
Horgenberg;8815
Hörhausen;8507
Höri;8181
Horn;9326
Hornussen;5075
Horrenbach;3623
Horriwil;4557
Horw;6048
Hosenruck;9515
Hospental;6493
Hottingen;8000
Hottwil;5277
Hub;8637
Hübeli;6133
Huben;8500
Hubersdorf;4535
Hueb;8590
Hueb bei Mörschwil;9402
Huémoz;1884
Hugelshofen;8565
Huggenberg;8354
Huggerwald;4245
Humlikon;8457
Hundwil;9064
Hünenberg;6331
Hungerbüel;8599
Hünibach;3626
Hünibach;3626
Hüniken;4554
Hünikon;8412
Hüntwangen;8194
Hunzenschwil;5502
Hunzikon;9545
Hurden;8640
Hurnen;8360
Hüsen;3860
Hüswil;6152
Hütten;8825
Hüttikon;8115
Hüttlingen;8553
Huttwil;4950
Hüttwilen;8536
Hutzikon;8488
Ibach;6438
Iberg;8400
Ibergeregg;8843
Ichertswil;4571
Icogne;1977
Ifenthal;4633
Iffwil;3305
Ifwil;8362
Igis;7206
Ilanz;7130
Ilfis;3550
Illarsaz;1893
Illgau;6434
Illhart;8556
Illighausen;8574
Illiswil;3033
Illnau;8308
Im Fang;1656
Im Holz;4514
Immensee;6405
Indemini;6571
Inden;3953
Ingenbohl;6440
Inkwil;3375
Innerarosa;7050
Innerberg;3044
Innereriz;3619
Innerferrera;7445
Innerthal;8858
Innertkirchen;3862
Innertobel;7136
Ins;3232
Insone;6951
Interlaken;3800
Intragna;6655
Intschi;6476
Inwil;6034
Ipsach;2563
Iragna;6707
Irgenhausen;8330
Iselin;4000
Iselisberg;8524
Iseltwald;3807
Isenbergschwil;5637
Isenfluh;3822
Isenthal;6461
Iseo;6993
Isérables;1914
Isikon;8335
Isleten;6466
Islikon;8546
Islisberg;8905
Isole di Brissago;6614
Isone;6810
Issert;1937
Istighofen;8575
Itaslen;8362
Itingen;4452
Itramen;3818
Itravers;3979
Itschnach;8700
Ittens;1308
Ittenthal;5083
Ittigen;3063
Itzikon;8627
Jaberg;3629
Jakobsbad;9108
Jakobstal;9545
Jakobsthal;8354
Jassbach;3673
Jaun;1656
Jegenstorf;3303
Jeizinen;3945
Jenaz;7233
Jenins;7307
Jenisberg;7494
Jens;2565
Jerisberg;3208
Jerisberghof;3208
Jetschwil;3186
Jetzikofen;3038
Jeuss;1793
Jona;8645
Jonen;8916
Jongny;1805
Jonschwil;9243
Jor;1833
Joressens;1789
Jouxtens;1008
Jucher;3036
Juchlishaus;3204
Juchten;3476
Juckeren;8493
Juf;7448
Julierpass;7457
Jungfraujoch;3801
Juriens;1326
Jussy;1254
Jussy-le-Château;1254
Kägiswil;6056
Kaien;9038
Kaiseraugst;4303
Kaiserstuhl;6078
Kaiserstuhl;5466
Kaisten;5082
Kalchofen;3415
Kalchrain;8536
Kallern;5625
Kallnach;3283
Kalpetran;3922
Kaltacker;3413
Kaltbach;6212
Kaltbrunn;8722
Kaltenbach;8259
Kaltenbrunnen;8514
Kalthäusern;9508
Kammersrohr;4535
Kanderbrück;3714
Kandergrund;3716
Kandersteg;3718
Känerkinden;4447
Käpfnach;8810
Kappel;4616
Kappel;8508
Kappel am Albis;8926
Kappelen;3273
Kappelenring;3032
Kappelisacker;3063
Kartause Ittingen;8532
Käserstatt;6086
Kastanienbaum;6047
Katzenrüti;8153
Katzensee;8105
Kaufdorf;3126
Kefikon;8546
Kefikon;8546
Kehlhof;8712
Kehlhof;8572
Kehrsatz;3122
Kehrsiten;6365
Kemleten;8307
Kemmatten;6333
Kemmeriboden;6197
Kempfhof;5436
Kempraten;8640
Kempten;8623
Kemptthal;8310
Kernenried;3309
Kerns;6064
Kerzers;3210
Kesswil;8593
Kestenholz;4703
Kienberg;4468
Kienersrüti;3628
Kienholz;3855
Kiental;3723
Kiesen;3629
Kilchberg;8802
Kilchberg;4496
Kilchbühl;6204
Killwangen;8956
Kindhausen;8604
Kindhausen;8962
Kippel;3917
Kirchberg;3422
Kirchberg;9533
Kirchbözberg;5225
Kirchdinhard;8474
Kirchdorf;3116
Kirchdorf;5416
Kirchenfeld;3000
Kirchenthurnen;3128
Kirchhofen;6060
Kirchleerau;5054
Kirchlindach;3038
Kirchrued;5044
Klarsreuti;8585
Kleinandelfingen;8451
Kleinbäretswil;8498
Kleinbösingen;3213
Kleindietwil;4936
Kleindöttingen;5314
Kleine Scheidegg;3823
Kleingümmenen;3205
Kleingurmels;3212
Kleinguschelmuth;1792
Kleinhüningen;4000
Kleinikon;8312
Kleinlützel;4245
Kleinteil;6074
Kleinwangen;6277
Kleinwangen;4612
Klewenalp;6375
Klingenberg;8508
Klingenzell;8264
Klingnau;5313
Klöntal;8750
Klosters Dorf;7252
Klosters Platz;7250
Kloten;8302
Klus;4710
Klybeck;4000
Knoblisbühl;8881
Knonau;8934
Knutwil;6213
Kobelwald;9463
Koblenz;5322
Kollbrunn;8483
Kölliken;5742
Königsfelden;5200
Köniz;3098
Konolfingen;3510
Koppigen;3425
Kosthofen;3262
Kottwil;6217
Kradolf;9214
Kräiligen;3315
Krattigen;3704
Krauchthal;3326
Kreuzlingen;8280
Kriechenwil;3179
Kriegstetten;4566
Kriens;6010
Kriessern;9451
Krillberg;9546
Krinau;9622
Kronbühl;9300
Kröschenbrunnen;3555
Krummbach;6232
Krummenau;9643
Küblis;7240
Kugelshofen;8506
Kühlewil;3086
Kulmerau;6234
Kümmertshausen;8586
Küngoldingen;4665
Kunkels;7315
Künten;5444
Kurzdorf;8500
Kurzrickenbach;8280
Küsnacht;8700
Küssnacht am Rigi;6403
Küttigen;5024
Küttigkofen;4581
Kyburg;8314
Kyburg;4586
La Balmaz;1902
La Barboleusaz;1882
La Bâtiaz;1920
La Bosse;2360
La Brévine;2406
La Capite;1222
La Capite;1222
La Châtagne;2406
La Chaux (Cossonay);1308
La Chaux-d'Abel;2333
La Chaux-d'Abel;2333
La Chaux-de-Fonds;2300
La Chaux-des-Breuleux;2345
La Chaux-de-Ste-Croix;1454
La Chaux-du-Milieu;2405
La Chiésaz;1806
La Cibourg;2333
La Cibourg;2616
La Cibourg;2300
La Comballaz;1862
La Conversion;1093
La Corbatière;2314
La Corbaz;1782
La Côte-aux-Fées;2117
La Coudre;1148
La Coudre;2000
La Crettaz;1920
La Creusaz;1923
La Croix;1090
La Croix;1921
La Croix-de-Rozon;1257
La Cure;1265
La Doey;1891
La Douay;1937
La Faye;1763
La Faye;1763
La Ferrière;2333
La Fontaine;1921
La Forclaz;1866
La Forclaz;1985
La Forclaz;1920
La Fouly;1944
La Garde;1933
La Givrine;1264
La Golisse;1347
La Gradelle;1224
La Heutte;2604
La Jaluse;2400
La Jonchère;2043
La Joux;1697
La Joux-du-Plâne;2058
La Lécherette;1660
La Luette;1982
La Magne;1687
La Mauguettaz;1462
La Montoz;1947
La Mothe;1431
La Motte;2889
La Muraz;1965
La Neirigue;1686
La Neuveville;2520
La Pallanterie;1222
La Petite-Joux;2316
La Place;1966
La Plaine;1283
La Praille;1227
La Praille;1227
La Praye;2523
La Praz;1148
La Punt;7522
La Rasse;1902
La Rasse;1902
La Rippe;1278
La Robellaz;1417
La Roche;1634
La Rogivue;1613
La Rösa;7742
La Rosiaz;1009
La Rosière;1937
La Rougève;1623
La Russille;1356
La Sage;1985
La Sagne;1450
La Sagne;2314
La Sagne-Eglise;2314
La Sallaz;1000
La Sarraz;1315
La Seiloz;1943
La Sonnaz;1783
La Tanne;2720
La Tine;1658
La Tour;1984
La Tour-de-Peilz;1814
La Tour-de-Trême;1635
La Tourne;2019
La Tsintre;1637
La Valsainte;1654
La Vernaz;1992
La Verrerie;1624
La Verrerie;1904
La Vounaise;1489
La Vraconnaz;1454
La Vue-des-Alpes;2052
Laax;7031
L'Abbaye;1344
L'Abergement;1355
Lachen;8853
Lachen;9428
Lachen;9000
Laconnex;1287
Ladir;7155
Lain;7082
Lajoux;2718
Lalden;3931
L'Allex;1880
L'Alliaz;1807
Lally;1807
Lamboing;2516
Lamone;6814
Lampenberg;4432
Lamperswil;8556
Lana;1983
Lancy;1212
Landarenca;6545
Landecy;1257
Landerswil;3036
Landeyeux;2046
Landikon;8903
Landiswil;3434
Landquart;7302
Landquart-Fabriken;7302
Landschlacht;8597
Landshut;3427
Langenberg;8135
Längenbold;6039
Langenbruck;4438
Längenbühl;3636
Langendorf;4513
Längengrund;3556
Langenhard;8486
Langenhart;8555
Langenloh;3075
Langenmoos;8467
Längenschachen;3653
Langenthal;4900
Langgass;9000
Länggasse;3000
Langnau am Albis;8135
Langnau bei Reiden;6262
Langnau im Emmental;3550
Langrickenbach;8585
Langwies;7057
Langwiesen;8246
Lanterswil;9503
Lantsch/Lenz;7083
Lanzenhäusern;3148
Lanzenneunforn;8506
Laret;7562
Laret;7265
Largario;6724
Latsch;7484
Latterbach;3758
Lätti;3053
Lattrigen;2572
L'Auberson;1454
Lauenen bei Gstaad;3782
Lauerz;6424
Läufelfingen;4448
Laufen;4242
Laufenburg;5080
Laufen-Uhwiesen;8248
Lauffohr;5200
Läui;9466
Laupen;8637
Laupen;3177
Laupen;9524
Laupen;9524
Laupersdorf;4712
Lauperswil;3438
Lausanne;1000
Lausen;4415
Lauterbach;3414
Lauterbrunnen;3822
Lauwil;4426
Lavertezzo;6633
Lavey-les-Bains;1892
Lavey-Village;1892
Lavigny;1175
Lavin;7543
Lavòrceno;6718
Lavorgo;6746
Lax;3994
Le Bémont;2360
Le Bévieux;1880
Le Biolley-sur-Orsières;1937
Le Bleusy;1997
Le Boéchet;2336
Le Borgeaud;1932
Le Bourg;1920
Le Brassus;1348
Le Brocard;1921
Le Brouillet;2406
Le Bry;1645
Le Campe;1348
Le Cannelet;1285
Le Carroz;1348
Le Cergneux;1921
Le Cerneux-Péquignot;2414
Le Cerneux-Veusil;2345
Le Cernil;2722
Le Châble;1934
Le Chalet-à-Gobet;1000
Le Chaluet;2738
Le Chargeur;1987
Le Château-de-Ste-Croix;1450
Le Châtelard;1925
Le Châtelard-près-Romont;1689
Le Chenit;1347
Le Col-des-Roches;2400
Le Côty;2058
Le Coudray;1372
Le Crêt;2314
Le Crêt-du-Locle;2322
Le Crêt-près-Semsales;1611
Le Crozot;2400
Le Day;1337
Le Dézaley;1071
Le Fays;1921
Le Fregnoley;1947
Le Fuet;2712
Le Grand-Saconnex;1218
Le Jeanbrenin;2720
Le Joratel;2318
Le Jordil;1609
Le Landeron;2525
Le Lessy;2023
Le Lieu;1345
Le Lignon;1219
Le Locle;2400
Le Marchairuz;1348
Le Martinet;1947
Le Mont-Pèlerin;1801
Le Mont-sur-Lausanne;1052
Le Morgnes;1948
Le Mouret;1724
Le Mouret;1724
Le Muids;1273
Le Noirmont;2340
Le Pafuet;1724
Le Pâquier;1661
Le Pâquier;2058
Le Parfay;1991
Le Péage;1788
Le Petit-Saconnex;1200
Le Peuchapatte;2345
Le Peu-Claude;2336
Le Peu-Péquinot;2340
Le Planchamp;1948
Le Pont;1342
Le Pré-Carrel;2534
Le Prédame;2714
Le Prese;7746
Le Prévoux;2400
Le Prévoux;2400
Le Quartier;2400
Le Rocheray;1347
Le Roselet;2345
Le Rosex;1864
Le Sapey;1934
Le Saulgy;1678
Le Séchey;1345
Le Sentier;1347
Le Sépey;1863
Le Solliat;1347
Le Trétien;1923
Le Tronchet;1091
Le Vaud;1261
Léchelles;1773
Leggia;6556
Leibstadt;5325
Leimbach;8041
Leimbach;5733
Leimbach;8584
Leimiswil;4935
Leissigen;3706
Lelgio;6951
Lenggenwil;9525
Lengnau;2543
Lengnau;5426
Lengwil;8574
Lenk im Simmental;3775
Lens;1978
Lentigny;1745
Lenzburg;5600
Lenzerheide See;7077
Lenzerheide/Lai;7078
Lenzikon;8732
Leontica;6716
Lerchenfeld;3600
Les Acacias;1227
Les Acacias;1227
Les Agettes;1992
Les Arlaches;1943
Les Avanchets;1220
Les Avants;1833
Les Aviolats;1864
Les Bayards;2127
Les Bioley-de-Brignon;1996
Les Bioux;1346
Les Bois;2336
Les Bovets;1865
Les Brenets;2416
Les Breuleux;2345
Les Bugnenets;2058
Les Cerlatez;2350
Les Charbonnières;1343
Les Chavannes-sous-Romont;1680
Les Chênes;1906
Les Chevalleyres;1807
Les Clées;1356
Les Coeudres;2314
Les Collons;1988
Les Croisettes;1066
Les Crosets;1873
Les Cullayes;1080
Les Daillettes;1752
Les Dévens;1880
Les Diablerets;1865
Les Eaux-Vives;1200
Les Ecasseys;1697
Les Ecorcheresses;2748
Les Emibois;2338
Les Enfers;2363
Les Eplatures;2300
Les Evouettes;1897
Les Frêtes;2416
Les Friques;1566
Les Geneveys-sur-Coffrane;2206
Les Genevez;2714
Les Giettes;1871
Les Giettes;1871
Les Granges;1660
Les Granges;1922
Les Grattes;2019
Les Haudères;1984
Les Hauts-Geneveys;2208
Les Jeurs;1929
Les Joux-Derrière;2300
Les Loges;2052
Les Marécottes;1923
Les Masses;1987
Les Mayens-de-Sion;1992
Les Mayens-de-Sion;1992
Les Monts-de-Corsier;1808
Les Monts-de-Pully;1068
Les Mosses;1862
Les Moulins;1660
Les Moulins;1945
Les Neyres;1868
Les Paccots;1619
Les Petits-Ponts;2318
Les Places;1947
Les Planches;1475
Les Planches;1863
Les Planches;1052
Les Planches;1820
Les Planchettes;2325
Les Plans-sur-Bex;1880
Les Pommerats;2353
Les Pontins;2610
Les Ponts;1627
Les Ponts-de-Martel;2316
Les Posses-sur-Bex;1880
Les Prasses;1981
Les Prés-d'Orvin;2534
Les Rangiers;2954
Les Rappes;1921
Les Rasses;1452
Les Replattes;2400
Les Reussilles;2722
Les Rondez;2800
Les Rouges-Terres;2360
Les Ruillères;2108
Les Sagnettes;2124
Les Sairains;2362
Les Sciernes-d'Albeuve;1669
Les Taillères;2406
Les Tavernes;1607
Les Thioleyres;1607
Les Tuileries;1422
Les Vacheries;2345
Les Vacheries-Genevez;2714
Les Valettes;1932
Les Vérines;1955
Les Verrières;2126
Les Vieux-Prés;2054
Les Voëttes;1862
Les Vullierens;1424
Lessoc;1669
L'Etivaz;1660
Lettenberg;8487
Leuchen;9428
Leuggelbach;8774
Leuggern;5316
Leukerbad;3954
Leuk-Stadt;3953
Leutwil;5725
Leuzigen;3297
Levron;1942
Leysin;1854
Leytron;1912
Li Curt;7745
Libingen;9614
Lichtensteig;9620
Liddes;1945
Liderrey;1637
Liebefeld;3097
Liebenfels;8506
Liebensberg;8543
Liebewil;3173
Liebistorf;3213
Liebrüti;4303
Liedertswil;4436
Lieffrens;1688
Lieli;6277
Lieli;8966
Lienz;9464
Liesberg;4253
Liesberg Dorf;4254
Liestal;4410
Liez;1969
Ligerz;2514
Lignerolle;1357
Lignières;2523
Ligornetto;6853
Limberg;8127
Limpach;3317
Lindau;8315
Linden;3673
Linden;4812
Linden;4812
Lindencham;6332
Lindenholz;4935
Lindenthal bei Boll;3067
Lindenwis;9032
Linescio;6682
Linn;5225
Linthal;8783
Lippenschwendi;8494
Lipperswil;8564
Lippoldswilen;8566
L'Isle;1148
Lisone;6936
Littau;6014
Littenheid;9573
Litzirüti;7058
Litzistorf;3178
Lobsigen;3268
Loc;3960
Locarno;6600
Loch;9404
Loco;6661
Lodano;6678
Lodrino;6527
Loëx;1233
Logiano;6563
Lohn;4573
Lohn;8235
Lohn;7433
Löhningen;8224
Lohnstorf;3127
Lömmenschwil;9308
Lommis;9506
Lommiswil;4514
Lonay;1027
Longirod;1261
Lopagno;6956
L'Orient;1341
Loro;6582
Lorraine;3000
Lorzen;6300
Losone;6616
Lossy;1782
Lostallo;6558
Lostorf;4654
Lottigna;6716
Lotzwil;4932
Lourtier;1948
Lovatens;1682
Lovens;1756
Loveresse;2732
Löwenburg;2813
Loye;3979
Lü;7534
Luc;1966
Lucelle;2807
Lucelle;2807
Lucens;1522
Lüchingen;9450
Lüchingen;9450
Luchsingen;8775
Luckhausen;8307
Lucomagno;7185
Ludetswil;8322
Ludiano;6721
Ludretikon;8800
Lüen;7027
Lufingen;8426
Lugaggia;6953
Lugano;6900
Lugnez;2933
Lugnorre;1789
Luins;1184
Lullier;1254
Lully;1470
Lully;1132
Lully;1223
Lumbrein;7148
Lumino;6533
Lumneins;7166
Lunden;7222
Lungern;6078
Lunschania;7116
Lupfig;5242
Lupsingen;4419
Lurengo;6777
Lurtigen;3215
Lüscherz;2576
Lussery;1307
Lüsslingen;4574
Lussy;1690
Lussy-sur-Morges;1167
Lustdorf;8512
Lustmühle;9062
Luterbach;4542
Lüterkofen;4571
Lüterswil;4584
Luthern;6156
Luthern Bad;6156
Lutikon;8712
Lütisburg;9604
Lütisburg Station;9601
Lutry;1095
Lütschental;3816
Lützelflüh;3432
Lutzenberg;9426
Luven;7141
Luzein;7242
Luzern;6000
Lyss;3250
Lyssach;3421
Mâche;1987
Maderanerthal;6475
Madetswil;8322
Madiswil;4934
Madonna del Piano;6995
Madrano;6780
Madretsch;2500
Mädris;8886
Madulain;7523
Magadino;6573
Magden;4312
Magdenau;9116
Mägenwil;5506
Maggia;6673
Magglingen/Macolin;2532
Magliasina;6987
Magliasina;6987
Magliaso;6983
Maglio di Colla;6959
Magnedens;1727
Magnot;1963
Magun;7442
Mahren;4654
Maienfeld;7304
Mairengo;6763
Maischhusen;8357
Maisprach;4464
Maladers;7026
Malagny;1294
Malans;9479
Malans;7208
Malapalud;1042
Malix;7074
Malleray;2735
Malley;1000
Maloja;7516
Malters;6102
Malvaglia;6713
Malval;1283
Malvilliers;2043
Mamishaus;3152
Mammern;8265
Mandach;5318
Männedorf;8708
Mannenbach;8268
Mannens;1775
Männlichen;3823
Manno;6928
Mannried;3770
Manzenhub;8492
Maracon;1613
Marbach;6196
Marbach;9437
Marchissy;1261
Marfeldingen;3203
Mariahilf;3186
Mariastein;4115
Marin;2074
Marly;1723
Marmorera;7456
Marnand;1524
Maroggia;6817
Marolta;6723
Marsens;1633
Märstetten;8560
Märstetten Station;8560
Martel-Dernier;2316
Marthalen;8460
Martherenges;1063
Martigny;1920
Martigny-Combe;1921
Martina;7560
Martisberg;3994
Märwil;9562
Marzano;6718
Masans;7000
Maschwanden;8933
Mase;1968
Masein;7425
Maseltrangen;8723
Massagno;6900
Massongex;1869
Massonnens;1692
Mastrils;7303
Mategnin;1217
Mathod;1438
Mathon;7433
Matran;1753
Matt;8766
Matten;3773
Matten bei Interlaken;3800
Mättenbach;4934
Mattenhof;3000
Matthäus;4000
Mattsand;3927
Mattstetten;3322
Mattwil;8585
Matzendorf;4713
Matzenried;3000
Matzingen;9548
Matzwil;3036
Mauborget;1453
Mauensee;6216
Maules;1625
Maur;8124
Mauracker;3935
Mauraz;1148
Mauren;8576
Mauss;3205
Mauvoisin;1948
Mayen;1899
Mayens-de-Chamoson;1911
Mayens-de-la-Zour;1965
Mayens-de-Nax;1973
Mayens-de-Riddes;1918
Mayoux;3961
Mazembroz;1926
Medeglia;6809
Medel;7184
Medels im Rheinwald;7436
Médières;1936
Medikon;8620
Medoscio;6597
Meggen;6045
Mehlsecken;6260
Meien;6485
Meienberg;5643
Meienried;3294
Meierhof;7134
Meierskappel;6344
Meiersmaad (Sigriswil);3657
Meikirch;3045
Meilen;8706
Meinier;1252
Meinisberg;2554
Meiniswil;4912
Meiringen;3860
Meisberg;8543
Meisterschwanden;5616
Meistersrüte;9050
Meistersrüte;9050
Melano;6818
Melchenbühl;3073
Melchnau;4917
Melchsee-Frutt;6068
Melchtal;6067
Melera;6584
Melide;6815
Melirolo;6584
Mellikon;5465
Mellingen;5507
Mellstorf;5463
Mels;8887
Meltingen;4233
Mendrisio;6850
Mengestorf;3144
Ménières;1533
Menzberg;6125
Menzengrüt;8546
Menziken;5737
Menzingen;6313
Menznau;6122
Menzonio;6692
Merenschwand;5634
Mergoscia;6647
Meride;6866
Merishausen;8232
Merligen;3658
Merlinge;1251
Merlischachen;6402
Mervelier;2827
Merzligen;3274
Mesikon;8308
Mesikon;8308
Mesocco;6563
Messen;3254
Métairie du Bois-Raiguel;2608
Métairie-d'Evilard;2534
Mett;2500
Mettau;5274
Mettembert;2806
Mettendorf;9200
Mettendorf;8553
Mettenwil;6204
Mettlen;3665
Mettlen;6034
Mettlen;9517
Mettmenhasli;8155
Mettmenschongau;6288
Mettmenstetten;8932
Mettschlatt;8252
Metzerlen;4116
Meudon;2126
Mex;1031
Mex;1890
Meyriez;3280
Meyrin;1217
Meyrin;1217
Mézery;1008
Mézery-près-Donneloye;1407
Mézières;1684
Mézières;1083
Meziken;9542
Mezzana;6828
Mezzana;6828
Mezzaselva;7249
Mezzovico;6805
Middes;1749
Miécourt;2946
Miège;3972
Mies;1295
Miéville;1904
Miéville;2314
Miex;1896
Miglieglia;6986
Milken;3157
Minusio;6648
Miralago;7743
Miralago;7743
Miraniga;7135
Mirchel;3532
Misanenga;7133
Miserez-Dessous;2946
Miserez-Dessus;2947
Misériez;1991
Misery;1721
Mission;3961
Missy;1565
Mitholz;3717
Mitlödi;8756
Mittelhäusern;3147
Mittellunden;7222
Mittlerhof;9033
Mogelsberg;9122
Moghegno;6677
Mogno;6695
Möhlin;4313
Mohren;9411
Moillesulaz;1225
Moiry;1148
Molare;6760
Moleno;6524
Moléson-Village;1663
Molignon;1950
Molinazzo d'Arbedo;6517
Molinazzo d'Arbedo;6500
Molinazzo di Monteggio;6995
Molinis;7056
Mollendruz;1148
Mollens;1146
Mollens;3974
Mollie-Margot;1073
Mollis;8753
Molondin;1415
Mols;8885
Mompé Tujetsch;7186
Mon;7458
Monbiel;7250
Mönchaltorf;8617
Mönchhof;8802
Mondzeu;1936
Moneto;6659
Monible;2715
Mon-Idee;1241
Mon-Idee;1241
Monnaz;1125
Monniaz;1254
Monruz;2000
Monstein;7278
Montagne-de-Courtlary;2608
Montagne-de-Moutier;2740
Montagne-de-Romont;2536
Montagne-Sonvilier;2615
Montagnier;1934
Montagnola;6926
Montagnon;1912
Montagny-la-Ville;1776
Montagny-les-Monts;1774
Montagny-près-Yverdon;1442
Montalchez;2027
Montana;3963
Montana;3963
Montana-Village;3963
Montaubion;1041
Montavon;2857
Montblesson;1000
Montborget;1489
Montbovon;1669
Montbrelloz;1475
Montcherand;1354
Mont-Crosin;2610
Mont-de-Buttes;2116
Monte;6875
Monte Brè sopra Locarno;6605
Monte Carasso;6513
Monte Ceneri;6802
Monte di Comino;6655
Monte Genereso;6825
Monte Laura;6549
Monte San Salvatore;6900
Montécu;1724
Monteggio;6998
Monteiller-Savièse;1965
Montenol;2884
Monterschu;3212
Montet;1588
Montet (Broye);1483
Montet (Glâne);1674
Montévraz;1724
Montézillon;2037
Montfaucon;2362
Montfavergier;2362
Montfleury;1242
Montfleury;1242
Mönthal;5237
Montherod;1174
Montheron;1053
Monthey;1870
Monti della Trinità;6600
Monti di Brena;6950
Monti di Gerra;6576
Monti di Motti;6596
Monti di Ravecchia;6500
Monti di Torricella;6808
Monticello;6533
Montignez;2924
Mont-la-Ville;1148
Montlingen;9462
Montmagny;1587
Montmelon;2883
Montmirail;2075
Montmollin;2037
Montoz-de-Court;2738
Montpreveyres;1081
Mont-Racine;2206
Montreux;1820
Montricher;1147
Montsevelier;2828
Mont-Soleil;2610
Mont-sur-Rolle;1185
Mont-Tramelan;2723
Moos;8580
Moosaffoltern;3256
Moosegg;3543
Moosleerau;5054
Moosseedorf;3302
Morbio Inferiore;6834
Morbio Superiore;6835
Morcles;1892
Morcote;6922
Mordagne;1462
Mörel;3983
Morens;1541
Morgarten;6315
Morges;1110
Morgins;1875
Mörigen;2572
Möriken;5103
Mörikon;9543
Mörikon;9543
Morissen;7143
Möriswil;3043
Morlens;1674
Mörlialp;6074
Morlon;1638
Mormont;2922
Moron;2712
Moron;2735
Morrens;1054
Morschach;6443
Mörschwil;9402
Morteratsch;7504
Möschberg;3506
Moscia;6612
Mosen;6295
Mosnang;9607
Mosogno;6611
Mossel;1675
Môtier;1787
Môtiers;2112
Mötschwil;3324
Mottec;3961
Motto;6721
Moudon;1510
Moutier;2740
Movelier;2812
Mte. Brè;6979
Mugena;6939
Muggio;6838
Muhen;5037
Mühlau;5642
Mühlebach;8580
Mühlebach;3995
Mühleberg;3203
Mühledorf;3116
Mühledorf;4583
Mühlehorn;8874
Mühlethal;4812
Mühlethurnen;3127
Mühleweg im Emmental;3464
Mühlrüti;9613
Mühltobel;9427
Mülchi;3317
Muldain;7082
Mulegns;7455
Mülenen;3711
Mülenen;3711
Müli;4713
Mulin;7016
Mülital;3185
Mülital;3185
Müllberg;8558
Müllheim;8555
Müllheim;8554
Mülligen;5243
Mumenthal;4912
Mümliswil;4717
Mumpé Medel;7183
Mumpf;4322
Münchenbuchsee;3053
Münchenstein;4142
Münchenwiler;1797
Münchringen;3303
Münchwilen;4333
Münchwilen;9542
Mund;3903
Mungnau;3436
Münsingen;3110
Münster;3985
Münsterlingen;8596
Muntelier;3286
Müntschemier;3225
Muolen;9313
Muotathal;6436
Mur;1787
Mur;1787
Mura;7109
Muralto;6600
Muraz;1893
Muraz;3960
Murg;8877
Murgenthal;4853
Muri;5630
Muri bei Bern;3074
Muriaux;2338
Murist;1489
Murkart;9548
Mürren;3825
Murschetg;7032
Murten;3280
Murzelen;3034
Müselbach;9602
Müstair;7537
Müswangen;6289
Mutrux;1428
Mutschellen;8965
Mutschellen;8964
Mutschellen;8967
Mutschellen;5621
Mutschnengia;7185
Mutten;7431
Muttenz;4132
Muzzano;6933
Näfels;8752
Nänikon;8606
Nant;1786
Nant;1804
Nante;6780
Nassen;9123
Nassenwil;8155
Naters;3904
Nax;1973
Naz;1041
Nebikon;6244
Necker;9126
Necker;9126
Neerach;8173
Neftenbach;8413
Neggio;6991
Neirivue;1669
Némiaz;1955
Nennigkofen;4574
Nenzlingen;4224
Neschwil;8484
Nesselnbach;5524
Nessental;3863
Nesslau;9650
Netstal;8754
Neu St. Johann;9652
Neuägeri;6314
Neuägeri;6314
Neuägeri;6314
Neuallschwil;4123
Neubachs;8164
Neubrück;3000
Neubrück;3037
Neubrunn;8488
Neuchâtel;2000
Neuchlen;9200
Neudietfurt;9615
Neudorf;6025
Neudorf;9000
Neuendorf;4623
Neuenegg;3176
Neuenhof;5432
Neuenkirch;6206
Neuewelt;4142
Neufeld;3600
Neugut;8304
Neugut;8304
Neuhaus;8732
Neuhaus bei Hinteregg;8132
Neuhausen am Rheinfall;8212
Neuheim;6345
Neukirch;7107
Neukirch;9315
Neukirch an der Thur;9217
Neumünchenstein;4142
Neunkirch;8213
Neuparadies;8252
Neurheinau;8462
Neustalden;5225
Neuthal;8344
Neuwilen;8566
Neyruz;1740
Neyruz-sur-Moudon;1515
Nidau;2560
Nidau;2560
Nidelbad;8803
Niderdorf;9200
Nidermonten;1714
Niderwil;9630
Nidfurn;8772
Niédens;1462
Niederaach;8587
Niederbipp;4704
Niederbottigen;3000
Niederbuchsiten;4626
Niederbüren;9246
Niederdorf;6375
Niederdorf;4435
Niedererlinsbach;5015
Niedergampel;3945
Niedergesteln;3942
Niederglatt;8172
Niederglatt;9240
Niedergösgen;5013
Niederhasli;8155
Niederhelfenschwil;9527
Niederhöri;8181
Niederhünigen;3504
Niederlenz;5702
Niedermuhlern;3087
Niedermuhlern;3087
Niedermuhren;1714
Niedermuhren;1714
Niederneunforn;8525
Niederönz;3362
Niederösch;3424
Niederrickenbach;6383
Niederried bei Interlaken;3853
Niederried bei Kallnach;3283
Niederrohrdorf;5443
Niederscherli;3145
Niederschongau;6288
Niedersteinmaur;8162
Niederstetten;9249
Niederstocken;3632
Niederteufen;9052
Niederurnen;8867
Niederuzwil;9244
Niederwald;3989
Niederwangen bei Bern;3172
Niederweningen;8166
Niederwichtrach;3114
Niederwil;8452
Niederwil;6221
Niederwil;4523
Niederwil;9203
Niederwil;5524
Niederwil;8500
Nierlet-les-Bois;1772
Nierlet-le-Toit;1740
Niesen Kulm;3711
Niouc;3960
Niva (Vallemaggia);6683
Nivo;6746
Nods;2518
Noës;3976
Noflen;3116
Noflen;3178
Nohl;8212
Noiraigue;2103
Noirvaux;2115
Nonfoux;1417
Noranco;6915
Noréaz;1757
Noréaz;1400
Nöschikon;8172
Nossikon;8610
Notkersegg;9000
Nottwil;6207
Novaggio;6986
Novalles;1431
Novazzano;6883
Noville;1845
Nufenen;7437
Nuglar;4412
Nunningen;4208
Nunwil;6283
Nuolen;8855
Nürensdorf;8309
Nüseeben;8843
Nussbaumen;8180
Nussbaumen;8537
Nussbaumen bei Baden;5415
Nussberg;8418
Nusshof;4453
Nuvilly;1485
Nyon;1260
Obbürgen;6363
Oberaach;8587
Oberägeri;6315
Oberalp;6490
Oberalp;6490
Oberarnegg;9212
Oberarth;6414
Oberbalm;3096
Oberbalmberg;4524
Oberbipp;4538
Oberbort;3780
Oberbottigen;3000
Oberbözberg;5225
Oberbuchsiten;4625
Oberbuonas;6344
Oberbüren;9245
Oberburg;3414
Oberburg;3414
Oberbussnang;9565
Oberbütschel;3088
Oberdiessbach;3672
Oberdorf;6375
Oberdorf;6370
Oberdorf;4515
Oberdorf;4436
Oberdorf;9200
Oberdorf bei Regensdorf;8105
Oberdürnten;8635
Oberegg;9413
Oberegg;8589
Oberehrendingen;5420
Oberei;3203
Oberei bei Süderen;3618
Oberembrach;8425
Oberems;3948
Oberengstringen;8102
Oberentfelden;5036
Oberfar;9434
Oberflachs;5108
Oberfrick;5073
Oberfrittenbach;3551
Obergerlafingen;4564
Obergesteln;3988
Oberglatt;8154
Oberglatt;9230
Obergoldbach;3434
Obergösgen;4653
Oberhallau;8216
Oberhasli;8156
Oberhelfenschwil;9621
Oberhittnau;8335
Oberhof;5062
Oberhofen;8488
Oberhofen;5273
Oberhofen;9542
Oberhofen am Thunersee;3653
Oberhofen bei Kreuzlingen;8574
Oberhofen im Emmental;3533
Oberholz;8636
Oberhöri;8181
Oberhörstetten;8508
Oberhünigen;3504
Oberiberg;8843
Oberkirch;6208
Oberkirch;4234
Oberkirch;4234
Oberkulm;5727
Oberlangenegg;3616
Oberleimbach;8134
Oberlindach;3038
Oberlunkhofen;8917
Oberlunnern;8912
Obermatt;3550
Obermeilen;8706
Obermonten;1713
Obermuhen;5037
Obermumpf;4324
Obermutten;7431
Obernau;6012
Oberneunforn;8526
Oberohringen;8472
Oberönz;3363
Oberösch;3424
Oberramsern;4588
Oberrickenbach;6387
Oberried (Thalgraben);3433
Oberried am Brienzersee;3854
Oberried bei Niederscherli;3145
Oberrieden;8942
Oberriet;1724
Oberriet;9463
Oberriet;9463
Oberrindal;9604
Oberrindal;9604
Oberrindal;9604
Oberrohrdorf;5452
Oberruntigen;3036
Oberrüti;5647
Obersaxen;7134
Oberschan;9479
Oberscherli;3145
Oberschlatt;8418
Oberschneit;8523
Oberschönenbuch;6438
Oberschongau;6288
Oberschrot;1716
Obersiggenthal;5415
Obersiggingen;5417
Oberstammheim;8477
Obersteckholz;4924
Obersteinach;9323
Obersteinmaur;8162
Oberstetten;9249
Oberstocken;3632
Oberstrass;8000
Obersulz;5085
Oberterzen;8884
Oberthal;3531
Oberulmiz;3144
Oberurdorf;8902
Oberurnen;8868
Oberuzwil;9242
Oberwald;3999
Oberwangen;8374
Oberwangen bei Bern;3173
Oberweningen;8165
Oberwetzikon;8620
Oberwichtrach;3114
Oberwiesen;8226
Oberwil;4104
Oberwil;8966
Oberwil;8500
Oberwil bei Büren;3298
Oberwil bei Dägerlen;8471
Oberwil bei Nürensdorf;8309
Oberwil bei Zug;6317
Oberwil im Simmental;3765
Oberwilen;6062
Oberwinterthur;8404
Oberzeihen;5079
Oberzollikofen;3052
Oberzollikofen;3052
Obfelden;8912
Obino;6874
Obsee;6078
Obstalden;8758
Ochlenberg;3367
Ocourt;2889
Odogno;6951
Oekingen;4566
Oensingen;4702
Oerlikon;8000
Oerlingen;8461
Oeschberg;3425
Oeschenbach;4943
Oeschgen;5072
Oeschseite;3776
Oetwil am See;8618
Oetwil an der Limmat;8955
Oey;3753
Ofenpass;7530
Oftringen;4665
Ogens;1045
Oggio;6955
Ohmstal;6143
Ohringen;8472
Oleyres;1580
Olivella;6922
Olivone;6718
Ollon;1867
Ollon;3971
Olsberg;4305
Olsberg;4305
Olten;4600
Oltigen;3036
Oltingen;4494
Onex;1213
Onnens;1756
Onnens;1425
Opfershofen;8584
Opfertshofen;8236
Opfikon;8152
Oppens;1047
Oppikon;9565
Oppligen;3629
Orbe;1350
Orenno;6513
Orges;1430
Origlio;6945
Orino;6713
Ormalingen;4466
Ormône;1965
Ormont-Dessous;1862
Ormont-Dessus;1865
Orny;1317
Oron-la-Ville;1610
Oron-le-Châtel;1608
Orpund;2552
Orselina;6644
Orsières;1937
Orsonnens;1694
Ortschwaben;3042
Ortschwaben;3042
Orvin;2534
Orzens;1413
Oschwand;3476
Oschwand;3476
Osco;6763
Osogna;6703
Osogna Stazione;6703
Ospizio Bernina;7710
Ossasco;6781
Ossingen;8475
Ostarietta;6814
Osterfingen;8218
Ostergau;6130
Osterhalden;8500
Ostermanigen;3036
Ostermundigen;3072
Otelfingen;8112
Othmarsingen;5504
Ötikon;8712
Ottenbach;8913
Ottenhub;8492
Ottenhusen;6275
Ottenleue Bad;1738
Ottikon;8626
Ottikon bei Kemptthal;8307
Ottiswil;3257
Ottoberg;8561
Ouchy;1000
Oulens-sous-Echallens;1377
Oulens-sur-Lucens;1522
Outremont;2950
Ovronnaz;1911
Pagig;7028
Pailly;1416
Palagnedra;6657
Palasuit;1945
Palézieux-Gare;1607
Palézieux-Village;1607
Pambio;6915
Pampigny;1142
Panex;1867
Pany;7243
Papiermühle;3063
Paradies;8246
Paradiso;6900
Pardé;7185
Pardisla;7212
Parpan;7076
Parsonz;7464
Paspels;7417
Passo della Novena;3988
Passugg-Araschgen;7062
Patalour;2353
Patzen;7433
Paudex;1094
Paudo;6582
Payerne;1530
Pazzallo;6912
Peccia;6695
Pedemonte;6513
Pedevilla;6512
Pedrinate;6832
Peiden;7110
Peiden Bas;7112
Peiden Dorf;7112
Peissy;1242
Peist;7029
Peney;1242
Peney (Vuiteboeuf);1445
Peney-le-Jorat;1059
Pensier;1783
Penthalaz;1305
Penthaz;1303
Penthéréaz;1375
Perlen;6035
Perlen;6035
Perly;1258
Perrefitte;2742
Perreux;2017
Perroy;1166
Personico;6744
Péry;2603
Peseux;2034
Petit Mont;1052
Petit Vichères;1945
Petit-Champoz;2740
Petit-Lancy;1213
Petit-Martel;2316
Petit-Savagnier;2065
Peyres-Possens;1063
Pfäfers;7312
Pfäfers Bad;7310
Pfaffenholz;3184
Pfaffhausen;8118
Pfäffikon;8330
Pfäffikon;8808
Pfaffnau;6264
Pfaffwil;6034
Pfeffikon;5735
Pfeffingen;4148
Pfungen;8422
Pfyn;8505
Pian San Giacomo;6563
Piandera Paese;6959
Pianezzo;6582
Piani di Verbabbio;6557
Piani di Verbabbio;6557
Piano di Campo;6684
Piano di Peccia;6695
Piazzogna;6579
Pierrafortscha;1723
Pierrefeu;2608
Pieterlen;2542
Pignia;7443
Pigniu;7156
Piguet-Dessous;1348
Piguet-Dessus;1348
Pilatus Kulm;6010
Pinchat;1234
Pinchat;1234
Pinsec;3961
Piodina;6614
Piora;6776
Piotta;6776
Pitasch;7111
Pizol;7323
Pizy;1174
Pizzamiglio;6833
Plaffeien;1716
Plagne;2536
Plainpalais;1200
Plamboz;2314
Plambuit;1867
Plan Conthey;1964
Planalp;3855
Plancemont;2108
Planchamp;1815
Plan-les-Ouates;1228
Plasselb;1737
Platenga;7133
Platta;7185
Platz;9428
Plaun da Lej;7517
Pleigne;2807
Pletschen;3951
Pleujouse;2953
Plons;8889
Pohlern;3638
Poiana;6827
Poliez-le-Grand;1041
Poliez-Pittet;1041
Pollegio;6742
Pomeyron;1976
Pompaples;1318
Pomy;1405
Pont (Veveyse);1699
Pont-de-la-Morge;1962
Pont-de-la-Morge;1962
Pont-de-la-Tine;1863
Ponte Brolla;6652
Ponte Brolla;6652
Ponte Capriasca;6946
Ponte Cremenaga;6996
Ponte Tresa;6988
Pontenet;2733
Ponthaux;1772
Pontirone;6713
Pont-la-Ville;1649
Ponto Valentino;6724
Pontresina;7504
Porrentruy;2900
Porsel;1699
Port;2562
Portalban;1568
Portein;7423
Portels;8895
Porto Ronco;6613
Port-Valais;1897
Porza;6948
Posat;1726
Pöschenried;3775
Poschiavo;7742
Posieux;1725
Prada;7745
Praden;7063
Pragg-Jenaz;7231
Prahins;1408
Pralong;1987
Pramagnon;3979
Prangins;1197
Praratoud;1528
Praroman;1724
Prarreyer;1947
Prassurny;1937
Prato;6694
Prato (Leventina);6773
Pratteln;4133
Pratval;7415
Pravidondaz;1991
Prayon;1944
Prayoud;1618
Praz;1788
Präz;7424
Praz-de-Fort;1943
Praz-Jean;1982
Preda;7482
Préfargier;2074
Pregassona;6963
Pregny;1292
Prêles;2515
Premier;1324
Premploz;1976
Preonzo;6523
Prés-de-Cortébert;2608
Presinge;1243
Pressy;1253
Pressy;1253
Préverenges;1028
Prévondavaux;1410
Prévonloup;1682
Prez-vers-Noréaz;1746
Prez-vers-Siviriez;1677
Prilly;1008
Primadengo;6760
Pringy;1663
Privilasco;7741
Produit;1912
Progens;1624
Progero;6515
Prolin;1987
Promasens;1673
Promischur;7440
Promontogno;7606
Prosito;6526
Provence;1428
Prugiasco;6723
Pugerna;6823
Puidoux;1070
Puidoux-Gare;1070
Pully;1009
Punt Muragl;7503
Puplinge;1241
Pura;6984
Purasca;6989
Pürt;7447
Pusserein;7228
Putz;7224
Quarten;8883
Quartino;6572
Quinten;8878
Quinto;6777
Raad;8498
Raat bei Windlach;8175
Rabius;7172
Radelfingen bei Aarberg;3271
Räfis;9470
Räfis;9470
Rafz;8197
Rain;6026
Ramersberg;6060
Rämismühle;8487
Ramiswil;4719
Ramlinsburg;4433
Ramosch;7556
Ramsach Bad;4448
Ramsberg;8488
Ramsei;3435
Ramsen;8262
Ramsi bei Lyssach;3421
Rancate;6862
Rances;1439
Randa;3928
Randogne;3975
Ranflüh;3439
Ranflüh;3439
Rans;9475
Ranzo;6577
Raperswilen;8558
Rapperswil;3255
Rapperswil;8640
Raron;3942
Rasa;6655
Räterschen;8352
Rathausen;6032
Räuchlisberg;8580
Ravecchia;6500
Ravoire;1928
Realp;6491
Realta;7408
Rebeuvelier;2832
Rebévelier;2717
Rebstein;9445
Recherswil;4565
Rechthalten;1718
Réchy;3966
Reckenwil;8508
Reckingen;3998
Réclère;2912
Recolaine;2824
Reconvilier;2732
Regensberg;8158
Regensdorf;8105
Rehetobel;9038
Reiben;3294
Reichenau;7015
Reichenbach im Kandertal;3713
Reichenburg;8864
Reiden;6260
Reidenbach;3766
Reidermoos;6260
Reigoldswil;4418
Reinach;4153
Reinach;5734
Reischen;7432
Reisiswil;4919
Reitnau;5057
Rekingen;5332
Remaufens;1617
Remetschwil;5453
Remigen;5236
Renan;2616
Renens;1020
Renges;1024
Rengg;6162
Rennaz;1847
Reppaz;1937
Ressudens;1543
Retschwil;6285
Retterswil;5703
Reuchenette;2603
Reuenthal;5324
Reuss;5412
Reussbühl;6015
Reussegg;5643
Reussthal;6014
Reust;3623
Reute;9411
Reutenen;8507
Reuti;6086
Reuti;8500
Reuti bei Weinfelden;9517
Reutigen;3647
Reutlingen;8404
Revereulaz;1899
Reverolle;1128
Rhäzüns;7403
Rheinau;8462
Rheineck;9424
Rheinfelden;4310
Rheinklingen;8259
Rheinsulz;5084
Riaz;1632
Riazzino;6595
Riazzino;6595
Riburg;4313
Richenbach;3763
Richensee;6285
Richenthal;6263
Richigen;3078
Richterswil;8805
Richterwil;3178
Ricken;8726
Ricken;8726
Rickenbach;8545
Rickenbach;6221
Rickenbach;6432
Rickenbach;4613
Rickenbach;4462
Rickenbach;5634
Rickenbach bei Ottenbach;8913
Rickenbach bei Wil;9532
Ricketwil;8352
Riddes;1908
Ried;3724
Ried;3772
Ried;6476
Ried;6436
Ried;3997
Ried (Lötschen);3919
Ried bei Kerzers;3216
Ried bei Worb;3082
Riedbach;3000
Ried-Brig;3911
Rieden;8304
Rieden;8739
Rieden bei Nussbaumen;5415
Riederalp;3987
Riederberg;3178
Riedern;8750
Riedholz;4533
Riedikon;8616
Ried-Mörel;3986
Riedstätt;3159
Riedt bei Erlen;8586
Riedt bei Neerach;8173
Riedtwil;3475
Riehen;4125
Riein;7128
Riemenstalden;6452
Riesbach;8000
Riet bei Gibswil;8498
Riet bei Neftenbach;8412
Rietbad;9651
Rietheim;5323
Riethüsli;9000
Riex;1097
Riffelalp;3920
Riffenmatt;3156
Rifferswil;8911
Riffig;6020
Riggenschwil;9248
Riggisberg;3132
Rigi Kaltbad;6356
Rigi Klösterli;6410
Rigi Kulm;6410
Rigi Scheidegg;6410
Rigi Staffel;6410
Riken;4853
Rikon bei Effretikon;8307
Rikon im Tösstal;8486
Ringgenberg;3852
Ringlikon;8142
Ringoldingen;3762
Ringoldswil;3656
Ringwil;8340
Riniken;5223
Riom;7463
Risch;6343
Ristenbühl;9548
Ritzingen;3989
Ritzisbuhwil;8577
Riva S. Vitale;6826
Rivapiana;6648
Rivaz;1071
Rive Haute;1945
Riveo;6674
Rivera;6802
Rizenbach;3206
Robasacco;6599
Robenhausen;8620
Robiei;6690
Roche;1852
Roche-d'Or;2912
Rochefort;2019
Roches;2762
Rocourt;2907
Rodels;7415
Rodersdorf;4118
Rodi;6772
Rofisbach;9468
Roggenburg;2814
Roggiana;6833
Roggliswil;6265
Roggwil;4914
Roggwil;9325
Rohr;5032
Rohr bei Olten;4655
Rohrbach;4938
Rohrbachgraben;4938
Rohrmatt;6132
Rohrmoos bei Lyssach;3421
Rolle;1180
Romainmôtier;1323
Romairon;1423
Romanel-sur-Lausanne;1032
Romanel-sur-Morges;1122
Romanens;1626
Romanshorn;8590
Rombach;5022
Römerswil;6027
Römerswil;1722
Romont;2538
Romont;1680
Romoos;6113
Rona;7454
Ronco sopra Ascona;6622
Rongellen;7430
Rongie;6713
Root;6037
Ropraz;1088
Rorbas;8427
Rorschach;9400
Rorschacherberg;9404
Röschenz;4244
Rosé;1754
Rosenberg;9000
Rosenhuben;8500
Rosenlaui;3860
Rosental;4000
Rosental;9545
Rossa;6548
Rossau;8932
Rossberg;8400
Rossemaison;2842
Rossenges;1513
Rossens;1728
Rossens;1554
Rosshäusern;3204
Rossinière;1658
Rossrüti;9512
Rossura;6760
Rosswald;3913
Rothacker;5746
Röthenbach bei Herzogenbuchsee;3373
Röthenbach im Emmental;3538
Rothenbrunnen;7405
Rothenburg;6023
Rothenfluh;4467
Rothenhausen;9565
Rothenthurm;6418
Rothorn Kulm;3855
Rothrist;4852
Rothwald;3901
Rotkreuz;6343
Rotmonten;9000
Rottenschwil;8919
Rotzloch;6362
Rougemont;1659
Roumaz;1965
Roveredo;6535
Roveredo;6957
Rovio;6821
Rovray;1463
Rubigen;3113
Ruchwil;3268
Rudenz;6074
Rüderswil;3437
Rüdlingen;8455
Rudolfingen;8465
Rudolfstetten;8964
Rudswil;3423
Rüdtligen;3422
Rue;1673
Ruè;1223
Rüebeldorf;3792
Rüediken;6288
Rüedisbach;3474
Rüediswil;6017
Rüeggisberg;3088
Rüegsau;3417
Rüegsauschachen;3415
Rüegsauschachen;3415
Rüegsbach;3418
Rueras;7189
Rüeterswil;8735
Rueun;7156
Rueyres;1626
Rueyres;1046
Rueyres-les-Prés;1542
Rueyres-St-Laurent;1695
Rüfenach;5235
Rüfenacht;3075
Rufi;8723
Rufswil;6153
Rufswil;6153
Ruggen;8903
Rumeling;3953
Rumendingen;3472
Rumentikon;6332
Rümikon;8352
Rümikon;5464
Rumisberg;4539
Rümlang;8153
Rümligen;3128
Rumlikon;8332
Rümlingen;4444
Rünenberg;4497
Rünkhofen;3533
Rüplisried;3204
Rupperswil;5102
Ruppoldingen;4663
Ruppoldsried;3251
Rüschegg;3153
Ruschein;7154
Rüschlikon;8803
Russikon;8332
Russin;1281
Russo;6662
Russy;1773
Rüstenschwil;5644
Ruswil;6017
Rüthi;9464
Rüti;8630
Rüti;3072
Rüti;8782
Rüti bei Abtwil;9030
Rüti bei Bülach;8185
Rüti bei Büren;3295
Rüti bei Lyssach;3421
Rüti bei Riggisberg;3099
Rütihof;5722
Rütihof;5406
Rütli;6441
Rütschelen;4933
Rutschwil;8471
Rüttenen;4522
Rütti;3052
Ruvigliana;6977
S. Abbondio;6577
S. Antonino;6592
S. Antonio;7745
S. Antonio (Val Morobbia);6583
S. Benedetg;7174
S. Bernardino-Villaggio;6565
S. Carlo  (Bavona);6690
S. Gottardo;6780
S. Nazzaro;6575
S. Pietro;6854
S. Vittore;6534
Saanen;3792
Saanenmöser;3777
Saas Bidermatten;3908
Saas im Prättigau;7247
Saas-Almagell;3905
Saas-Balen;3908
Saas-Fee;3906
Saas-Grund;3910
Sachseln;6072
Saclentz;1996
Saconnex-d'Arve;1212
Safenwil;5745
Safien;7107
Safien Platz;7107
Safnern;2553
Sagen;6264
Sagno;6839
Sagogn;7152
Saicourt;2732
Saignelégier;2350
Saillon;1913
Sala Capriasca;6954
Saland;8493
Salavaux;1585
Salaz;1867
Salen;8507
Salenstein;8268
Sales;1731
Sâles (Gruyère);1625
Salez;9465
Salgesch;3970
Salins;1991
Salmsach;8599
Salorino;6872
Salouf;7462
Salvan;1922
Salvenach;1794
Salvisberg;3036
Samedan;7503
Samnaun;7563
Samstagern;8833
San Carlo;7741
Sanetsch;1950
Sangernboden;1738
Sapün;7057
Sargans;7320
Säriswil;3049
Sarmenstorf;5614
Sarn;7423
Sarnen;6060
Sarreyer;1948
Sarzens;1683
Sassel;1534
Sassenloh;8507
Satigny;1242
Sattel;6417
Saubraz;1189
Sauges;2024
Saulcy;2873
Saules;2732
Saules;2063
Saurenhorn;3054
Sauverny;1290
Savagnier;2065
Savigny;1073
Savognin;7460
Savosa;6942
Savuit;1095
Sax;9468
Saxé;1926
Saxeten;3813
Saxli;8894
Saxon;1907
Saxonne;1966
Says;7202
Scaiano;6578
Scareglia;6951
Sceut;2855
Schachen;8906
Schachen;6105
Schachen;6105
Schachen;6436
Schachen;4653
Schachen bei Herisau;9112
Schachen bei Reute;9414
Schaffhausen;8200
Schafhausen im Emmental;3415
Schafis;2514
Schafisheim;5503
Schalchen;8492
Schalkhusen;9533
Schalunen;3314
S-chanf;7525
Schangnau;6197
Schänis;8718
Scharans;7412
S-charl;7550
Schärlig;6196
Scharnachtal;3722
Schattdorf;6467
Schattenhalb;3860
Schatzalp;7270
Schauenberg;7421
Scheid;7419
Schelten;2827
Schenkon;6214
Schernelz;2514
Scherz;5246
Scherzingen;8596
Scheunen;3305
Scheunenberg;3251
Scheuren;2556
Schiers;7220
Schiltwald;5046
Schindellegi;8834
Schinznach-Bad;5116
Schinznach-Dorf;5107
Schlans;7168
Schlatt;9050
Schlatt (TG);8252
Schlatt bei Leuggern;5316
Schlatt bei Winterthur;8418
Schlattingen;8255
Schleinikon;8165
Schleitheim;8226
Schleumen;3325
Schlierbach;6231
Schlieren;8952
Schliern bei Köniz;3098
Schlossrued;5044
Schlosswil;3082
Schluein;7151
Schmerikon;8716
Schmidigen;3464
Schmidrüti;8495
Schmidshof;9565
Schmiedrued;5046
Schmitten;3185
Schmitten;7493
Schmitten;7212
Schmitter;9444
Schnasberg;8352
Schnaus;7130
Schneisingen;5425
Schnottwil;3253
Schocherswil;8581
Schöfflisdorf;8165
Schöftland;5040
Schönbühl;3322
Schönenbaumgarten;8585
Schönenberg;8824
Schönenberg an der Thur;9215
Schönenbuch;4124
Schönengrund;9105
Schönenwerd;5012
Schongau;6288
Schönholzerswilen;8577
Schönried;3778
Schöntal;4414
Schooren;8802
Schoren;4900
Schoren;3600
Schoren;5642
Schoried;6055
Schosshalde;3000
Schottikon;8352
Schötz;6247
Schrofen;8580
Schübelbach;8862
Schuders;7228
Schüpbach;3535
Schüpberg;3054
Schupfart;4325
Schüpfen;3054
Schüpfheim;6170
Schurten;8374
Schwäbis;3613
Schwaderloch;5326
Schwaderloh;8566
Schwadernau;2556
Schwägalp (Säntis);9107
Schwamendingen;8051
Schwand;3634
Schwanden;8762
Schwanden bei Brienz;3855
Schwanden bei Schüpfen;3054
Schwanden bei Sigriswil;3657
Schwanden im Emmental;3433
Schwändi bei Schwanden;8762
Schwarzenbach;4953
Schwarzenbach;6215
Schwarzenbach;9536
Schwarzenberg;6103
Schwarzenbühl;3156
Schwarzenburg;3150
Schwarzenegg;3616
Schwarzenegg;3616
Schwarzenmatt;3766
Schwarzhäusern;4911
Schwarzsee;1716
Schwefelberg Bad;1738
Schweikhof;8925
Schweikhof;8506
Schweinbrunnen;4953
Schweinbrunnen;4953
Schweizerhalle;4133
Schweizerhalle;4133
Schweizersholz;9223
Schwellbrunn;9103
Schwende;9057
Schwenden;3757
Schwendi;8486
Schwendi;9658
Schwendi bei Heiden;9405
Schwendi bei Thun;3625
Schwendi im Weisstannental;7325
Schwendibach;3624
Schwerzenbach;8603
Schwyz;6430
Schynige Platte;3800
Scubiago;6702
Scudellate;6838
Sculms;7402
Scuol;7550
Sécheron;1200
Sédeilles;1554
Sedel;6020
Sedrun;7188
Seeb;8185
Seebach;8052
Seeberg;3365
Seedorf;3267
Seedorf;6462
Seegräben;8607
Seehof;2747
Seelisberg;6377
Seelmatte;8488
Seen;8400
Seengen;5707
Seesatz;6203
Seewen;6423
Seewen;4206
Seewil;3256
Seewis Dorf;7212
Seewis im Prättigau;7212
Seftau;3047
Seftigen;3662
Seglingen;8193
Segnas;7186
Seigne;2883
Seigneux;1525
Seiry;1470
Seleute;2888
Selfranga;7250
Selkingen;3989
Sellenbüren;8143
Selma;6545
Seltisberg;4411
Selva;7189
Selzach;2545
Sembrancher;1933
Sementina;6514
Semione;6714
Sempach;6204
Sempach Station;6203
Semsales;1623
Senarclens;1304
Senèdes;1724
Sennhof;8482
Sennhof;4852
Sennhof bei Russikon;8332
Sennwald;9466
Sensine;1975
Sent;7554
Sentenhof;5630
Sentenhof;5630
Seon;5703
Séprais;2857
Seraplana;7558
Serfontana;6834
Sergey;1355
Serix;1607
Sermuz;1412
Serneus;7249
Serneus Station;7249
Serocca;6982
Serpiano;6867
Serrières;2000
Serroue;2037
Serroue;2037
Sertig Dörfli;7272
Servion;1077
Seseglio;6832
Sessa;6997
Seuzach;8472
Sévaz;1541
Sevelen;9475
Sévery;1141
Sevgein;7127
Sézegnin;1285
Sézenove;1233
Sfazù;7742
Siat;7157
Siblingen;8225
Siebnen;8854
Siebnen;8854
Siebnen;8854
Siegershausen;8573
Sierne;1255
Sierre;3960
Siggenthal Station;5301
Siggenthal Station;5301
Sigigen;6019
Sigirino;6806
Siglistorf;5462
Signal-de-Bougy;1172
Signau;3534
Signèse;1966
Signôra;6951
Signy;1274
Sigriswil;3655
Sihlbrugg;6340
Sihlbrugg;6340
Sihlbrugg;6340
Sihlbrugg Station;8135
Sihlwald;8135
Silenen;6473
Sils im Domleschg;7411
Sils im Engadin;7515
Sils/Segl Baselgia;7515
Sils/Segl Maria;7514
Silvaplana;7513
Silvaplana-Surlej;7513
Simplon Hospiz;3907
Simplon-Dorf;3907
Sinneringen;3067
Sins;5643
Sion;1950
Sirnach;8370
Siselen;2577
Sisikon;6452
Sissach;4450
Sisseln;4334
Sitterdorf;8589
Sittertal;9220
Sitzberg;8495
Siviez;1997
Siviriez;1678
Soazza;6562
Sobrio;6749
Soglio;7610
Solalex;1882
Solduno;6600
Solgen;8197
Solis;7450
Solothurn;4500
Solothurn;4500
Solothurn;4500
Somazzo;6872
Sombeval;2605
Someo;6674
Somlaproz;1937
Sommentier;1688
Sommerau;4444
Sommerau;4444
Sommeri;8580
Sonceboz;2605
Sonnenberg;9507
Sonnenbühl;8311
Sonnental;9245
Sonogno;6637
Sonterswil;8564
Sontga Clau;7130
Sonvico;6968
Sonvilier;2615
Sonzier;1822
Sood;8134
Sool;8762
Soragno;6964
Soral;1286
Sörenberg;6174
Sorencino;6802
Sorengo;6924
Sorens;1642
Sorental bei Hauptwil;9213
Soresina;6802
Sornard;1997
Sornetan;2716
Sornico;6694
Sorvilier;2736
Sottens;1062
Soubey;2887
Soulalex;1937
Soulce;2864
Soussillon;3961
Soyhières;2805
Sparsels;7553
Speicher;9042
Speicherschwendi;9037
Spengelried;3204
Spiegel bei Bern;3095
Spiez;3700
Spiezmoos;3700
Spiezwiler;3700
Spinas;7502
Spins;3270
Spirenwald;3803
Spiringen;6464
Spitz;8590
Spitzberg;2516
Spitzen;8816
Splügen;7435
Sporz;7078
Spreitenbach;8957
Spruga;6663
St. Alban;4000
St. Antoni;1713
St. Antönien;7246
St. Chrischona;4126
St. Erhard;6212
St. Fiden;9000
St. Gallen;9000
St. Gallenkappel;8735
St. Georgen;9000
St. Germain;1965
St. German;3942
St. Jakob;6372
St. Johann;4000
St. Johannsen;2525
St. Josefen;9030
St. Katharinental;8253
St. Loretto;9620
St. Luzisteig;7304
St. Luzisteig;7304
St. Margarethen;9543
St. Margrethen;9430
St. Margrethenberg;7313
St. Martin;7116
St. Moritz;7500
St. Moritz Bad;7500
St. Niklaus;4532
St. Niklaus;3924
St. Niklaus bei Koppigen;3425
St. Niklaus bei Merzligen;3274
St. Niklaus bei Merzligen;3274
St. Niklausen;6005
St. Niklausen;6066
St. Pantaleon;4421
St. Pelagiberg;9225
St. Peter;7028
St. Petersinsel;3235
St. Peterzell;9127
St. Silvester;1736
St. Stephan;3772
St. Urban;4915
St. Ursen;1717
St. Wolfgang;3186
Sta Domenica;6546
Sta Maria in Calanca;6541
Sta. Maria Val Müstair;7536
Staad;2540
Staad;9422
Staad;9422
Stabio;6855
Stachen;9320
Stad;8272
Stadel;8404
Stadel bei Niederglatt;8174
Städtli;6383
Stäfa;8712
Staffelbach;5053
Stalden;6063
Stalden;3922
Stalden;3932
Stalden im Emmental;3510
Stalden im Emmental;3510
Staldenried;3933
Stallikon;8143
Stampa;7605
Stans;6370
Stansstad;6362
Staretschwil;5452
Starkenbach;9656
Starrberg;8717
Starrkirch;4656
St-Aubin;1566
St-Aubin;2024
Staufen;5603
St-Barthélemy;1040
St-Blaise;2072
St-Brais;2364
St-Cergue;1264
St-Cierges;1410
St-Denis;1117
St-Denis;1117
Stechelberg;3824
Steckborn;8266
Ste-Croix;1450
Steffisburg;3613
Steffisburg;3612
Steg;3940
Steg im Tösstal;8496
Stegen bei Gachnang;8543
Stehrenberg;9503
Steig;8354
Stein;9063
Stein;9655
Stein;4332
Stein am Rhein;8260
Steinach;9323
Steinebrunn;9314
Steinegg;9050
Steinegg;8536
Steineloh;9320
Steineloh;9320
Steinen;6422
Steinen bei Signau;3534
Steinen bei Signau;3534
Steinenbach hinteres Tal;8499
Steinenbach vorderes Tal;8492
Steinerberg;6416
Steingletscher;3860
Steinhaus;3995
Steinhausen;6312
Steinhof;4556
Steinhuserberg;6114
Steinmaur;8162
Stels;7226
Sternenberg;8499
Stettbach;8600
Stetten;8234
Stetten;5608
Stettfurt;9507
Stettlen;3066
St-George;1188
St-Georges;1213
St-Gingolph;1898
Stierva;7459
Stilli;5233
St-Imier;2610
St-Jean;3961
St-Légier;1806
St-Léonard;1958
St-Livres;1176
St-Loup;1318
St-Luc;3961
St-Martin;1609
St-Martin;1969
St-Martin;2054
St-Maurice;1424
St-Maurice;1890
St-Maurice;1222
Stocken;3632
Stöcken;8842
Stoos;6433
St-Oyens;1187
St-Pierre-de-Clages;1955
St-Prex;1162
Strada im Engadin;7558
Strass;8500
Strättligen;3600
Strengelbach;4802
Strohwilen;8514
St-Romain;1966
St-Saphorin (Lavaux);1071
St-Saphorin-sur-Morges;1113
St-Séverin;1975
St-Sulpice;1025
St-Sulpice;2123
St-Triphon;1867
Stuckishaus;3037
Stuckishaus;3037
Studen;8845
Studen;9472
Studen (BE);2557
Stugl/Stuls;7482
St-Ursanne;2882
Stüsslingen;4655
Suberg;3262
Subingen;4553
Suchy;1433
Süderen;3618
Suen;1969
Sufers;7434
Sugiez;1786
Sugnens;1043
Suhr;5034
Suino;6997
Sulgen;8583
Sullens;1036
Sulz;8545
Sulz;6284
Sulz;5085
Sulz bei Künten;5444
Sulzbach;8614
Sumiswald;3454
Summaprada;7421
Sumvitg;7175
Sundlauenen;3800
Sünikon;8162
Sur;7456
Sur En;7554
Surava;7472
Surcasti;7115
Surcuolm;7138
Sureggio;6953
Süri;3204
Surin;7148
Surpierre;1528
Surrein;7173
Sursee;6210
Sursee;6210
Sursee;6210
Susauna;7526
Suscévaz;1437
Susch;7542
Susten;3952
Sutz;2572
Syens;1510
Tablat;8492
Tafers;1712
Tagelswangen;8317
Tägerig;5522
Tägerlohn;6473
Tägerschen;9554
Tägertschi;3111
Tägerwilen;8274
Tamins;7015
Tanay;1896
Tänikon;8356
Tann;8632
Tann;6214
Tann;6214
Tannay;1295
Tanne bei Wädenswil;8820
Tannegg;8374
Tannen;3068
Tannenboden;8603
Tannenbodenalp;8898
Tannenbodenalp;8898
Tannenheim;8897
Tarasp;7553
Tartar;7422
Tartegnin;1180
Täsch;3929
Tatroz;1617
Täuffelen;2575
Tavanasa;7162
Tavannes;2710
Taverne;6807
Tecknau;4492
Tegerfelden;5306
Tegna;6652
Tellenfeld;3714
Tenero;6598
Tengia;6760
Tenigerbad;7173
Tenna;7106
Tenniken;4456
Tennwil;5617
Tentlingen;1734
Termen;3912
Termine;6998
Territet;1820
Tersnaus;7116
Tesserete;6950
Tête-de-Ran;2052
Teufen;8428
Teufen;9053
Teufenthal;5723
Teuffenthal;3623
Thal;9425
Thalgraben;3432
Thalgraben;3432
Thalheim;5112
Thalheim an der Thur;8478
Thalkirch;7109
Thalwil;8800
Thayngen;8240
Theilingen;8484
Therwil;4106
Thielle;2075
Thierachern;3634
Thierrens;1410
Thon;8762
Thônex;1226
Thorberg;3326
Thörigen;3367
Thörishaus;3174
Thörishaus;3174
Thun;3600
Thundorf;8512
Thunstetten;4922
Thürnen;4441
Thusis;7430
Thyon;1988
Tiefenau;3000
Tiefencastel;7450
Tinizong;7453
Titterten;4425
Tobel;8634
Tobel;9405
Tobel;9555
Toffen;3125
Tollhausen;8352
Tolochenaz;1131
Toos;8577
Törbel;3923
Torgon;1899
Torny-le-Grand;1748
Torny-le-Petit;1749
Torre;6717
Torrentalp;3954
Torricella;6808
Töss;8400
Tössriederen;8193
Toussen;8912
Trachselwald;3456
Trachselwald;3456
Trachslau;8840
Tramelan;2720
Trämligen;8766
Trans;7407
Trasadingen;8219
Travers;2105
Treggia;6957
Treib;6377
Treiten;3226
Treize-Cantons;1525
Trélex;1270
Tremona;6865
Trey;1552
Treycovagnes;1436
Treyfayes;1626
Treytorrens (Lavaux);1096
Treytorrens (Payerne);1538
Treyvaux;1733
Triboltingen;8273
Triemli;8000
Triengen;6234
Trient;1929
Trimbach;4632
Trimmis;7203
Trimstein;3083
Trin;7014
Trin Statiun;7014
Trogen;9043
Trogne;1969
Troinex;1256
Troinex;1256
Trois Chasseurs;1068
Troistorrents;1872
Trub;3556
Trübbach;9477
Trubschachen;3555
Trüllikon;8466
Trun;7166
Truttikon;8467
Trüttlikon;8524
Tschalun;8843
Tschamut;7189
Tschappina;7136
Tschappina;7428
Tscheppach;4576
Tscherlach;8881
Tschiertschen;7064
Tschierv;7532
Tschingel bei Sigriswil;3656
Tschlin;7559
Tschugg;3233
Tübach;9327
Tufertswil;9604
Tuftera;3178
Tuggen;8856
Tujetsch;7188
Tumegl/Tomils;7418
Turbach;3781
Turbenthal;8488
Turgi;5300
Turin;1991
Türlen;8915
Turtig;3942
Turtmann;3946
Tüscherz;2512
Tusen;7135
Tuttwil;9546
Twann;2513
Twannberg;2516
Twerenegg;6122
Udligenswil;6044
Ueberstorf;3182
Ueberthal;5237
Uebeschi;3635
Uebewil;1700
Ueken;5028
Uelikon;8712
Uerikon;8713
Uerkheim;4813
Uerschhausen;8537
Uerzlikon;8926
Uessikon;8124
Uesslingen;8524
Uetendorf;3661
Uetendorf Allmend;3661
Uetikon am See;8707
Uetliberg;8143
Uetliburg;8738
Uettligen;3043
Uezwil;5619
Ufenau;8808
Uffikon;6253
Ufhusen;6153
Uitikon;8142
Ulisbach;9631
Ulmiz;3214
Ulrichen;3988
Umbrail;7536
Umiken;5222
Underbort;3792
Undervelier;2863
Unterägeri;6314
Unterbach;3857
Unterbäch;3944
Unterbilchen;9404
Unterbözberg;5225
Unteregg;8589
Untereggen;9033
Unterehrendingen;5420
Unterems;3948
Unterendingen;5305
Unterengstringen;8103
Unterentfelden;5035
Unterhard;8570
Unterhard;8570
Unterheid;3857
Unterhörstetten;8508
Unteriberg;8842
Unterkulm;5726
Unterlangenegg;3614
Unterlören;9300
Unterlunkhofen;8918
Unterlunnern;8912
Unterohringen;8472
Unterramsern;4588
Unterrealta;7408
Unterrindal;9604
Unterrüti;5634
Unterschächen;6465
Unterschlatt;8418
Unterschönenbuch;6440
Unterseen;3800
Untersiggenthal;5417
Untersiggingen;5417
Unterstammheim;8476
Untersteckholz;4916
Unterstrass;8000
Unterterzen;8882
Untervaz;7204
Untervaz Bahnhof;7201
Untervaz Bahnhof;7201
Unterwasser;9657
Unterwassern;3999
Unterzollikofen;3052
Uors;7114
Urdorf;8902
Urigen;6465
Urmein;7427
Urnäsch;9107
Urnerboden;8751
Ursellen;3510
Ursenbach;4937
Ursins;1412
Ursprung;5225
Urswil;6280
Ursy;1670
Urtenen;3322
Ussbühl;8864
Ussbühl;8864
Uster;8610
Uttenberg;8934
Uttigen;3628
Uttwil;8592
Utzenstorf;3427
Utzigen;3068
Uvrier;1958
Uznaberg;8730
Uznaberg;8730
Uznach;8730
Uzwil;9240
Vaas;3978
Vacallo;6833
Vadura;7314
Vaglio;6947
Vairano;6575
Val di Campo;7741
Val Sinestra;7554
Valangin;2042
Valata;7138
Valavran;1293
Valbella;7077
Valchava;7535
Valcolla;6951
Val-d'Illiez;1873
Valé;7132
Valençon;3978
Valendas;7122
Valens;7317
Valeyres-sous-Montagny;1441
Valeyres-sous-Rances;1358
Valeyres-sous-Ursins;1412
Vallamand-Dessous;1586
Vallamand-Dessus;1586
Vallatscha;7553
Valle;6780
Vallon;1565
Vallorbe;1337
Vals;7132
Valzeina;7213
Van-d'en-Bas;1922
Van-d'en-Haut;1922
Vandoeuvres;1253
Varen;3953
Varenzo;6777
Vasön;7317
Vättis;7315
Vattiz;7146
Vauderens;1675
Vauffelin;2537
Vaugondry;1423
Vaulion;1325
Vaulruz;1627
Vaumarcus;2028
Vautenaivre;2354
Vaux-sur-Morges;1126
Vaz/Obervaz;7082
Vazerol;7084
Vechigen;3067
Veigy (Suisse);1251
Vella;7144
Vellano;6583
Vellerat;2830
Veltheim;8400
Veltheim;5106
Vendlincourt;2943
Vennes;1000
Vens;1933
Venthône;3973
Verbier;1936
Vercorin;3967
Verdabbio;6538
Verdasio;6655
Vergeletto;6664
Verlonnaz;1937
Vermala;3963
Vermes;2829
Vermol;8886
Vernamiège;1961
Vernand-Dessous;1033
Vernand-Dessus;1032
Vernate;6992
Vernayaz;1904
Vernéaz;2028
Vernex;1820
Vernier;1214
Vernier;1214
Vérossaz;1891
Vers chez Patthey;1420
Vers l'Eglise;1926
Versam;7104
Versam Statiun;7104
Vers-chez-Jaccard;1450
Vers-chez-les-Blancs;1000
Vers-chez-Perrin;1551
Verscio;6653
Versegères;1947
Vers-l'Eglise;1864
Vers-Morey;1853
Versoix;1290
Versoix la Ville;1290
Versoix le Bourg;1290
Versvey;1852
Vésenaz;1222
Vésenaz;1222
Vesin;1483
Vessy;1234
Vétroz;1963
Vevey;1800
Vex;1981
Veyras;3968
Veyrier;1255
Veysonnaz;1993
Veysonnaz;1993
Veytaux;1820
Vezia;6943
Vezio;6938
Viano;7747
Vich;1267
Vichères;1945
Vico Morcote;6921
Vicosoprano;7603
Vicques;2824
Vielbringen bei Worb;3075
Viganello;6962
Vigera;6763
Vignogn;7147
Vilars;2063
Villa;6781
Villa;6877
Villa;1966
Villa Luganese;6966
Villangeaux;1673
Villaraboud;1679
Villaranon;1678
Villarbeney;1652
Villar-Bozon;1148
Villard-sur-Chamby;1832
Villarepos;1583
Villaret;1432
Villarey;1774
Villargiroud;1694
Villariaz;1685
Villarimboud;1691
Villarlod;1695
Villars-Bramard;1682
Villars-Burquin;1423
Villarsel-le-Gibloux;1695
Villarsel-sur-Marly;1723
Villars-Epeney;1404
Villarsiviriaux;1694
Villars-le-Comte;1515
Villars-le-Grand;1584
Villars-les-Joncs;1700
Villars-le-Terroir;1040
Villars-Lussery;1307
Villars-Mendraz;1061
Villars-sous-Champvent;1443
Villars-sous-Mont;1666
Villars-sous-Yens;1168
Villars-Ste-Croix;1029
Villars-sur-Fontenais;2903
Villars-sur-Glâne;1752
Villars-sur-Ollon;1884
Villars-Tiercelin;1058
Villarvolard;1651
Villarzel;1555
Villaz;1985
Villaz-St-Pierre;1690
Villeneuve;1527
Villeneuve;1844
Villeret;2613
Villette;1934
Villette;1225
Villette (Lavaux);1096
Villiers;2057
Villigen;5234
Villmergen;5612
Villnachern;5213
Villy;1867
Vilters;7324
Vincy;1182
Vinelz;3234
Vingelz;2500
Vinzel;1184
Vionnaz;1895
Vira;6805
Vira (Gambarogno);6574
Vireloup;1239
Vireloup;1239
Vison;1906
Visp;3930
Visperterminen;3932
Vissoie;3961
Vitznau;6354
Vnà;7557
Vocaglia;6663
Vogelsang;3255
Vogelsang;5426
Vogelsang bei Turgi;5412
Vogorno;6632
Volken;8459
Volketswil;8604
Vollèges;1941
Vollenweid;8915
Vordemwald;4803
Vorderfultigen;3089
Vorderhof;9033
Vorderrinderbach;3412
Vorderrinderbach;3418
Vorderthal;8857
Vorimholz;3257
Vouvry;1896
Vrin;7149
Vuadens;1628
Vuarat;1616
Vuarennes;1820
Vuarmarens;1674
Vuarrengel;1418
Vuarrens;1418
Vucherens;1509
Vufflens-la-Ville;1302
Vufflens-le-Château;1134
Vugelles;1431
Vuibroye;1610
Vuippens;1633
Vuissens;1486
Vuisternens-devant-Romont;1687
Vuisternens-en-Ogoz;1696
Vuiteboeuf;1445
Vulliens;1085
Vullierens;1115
Vulpera;7552
Waag;8842
Wabern;3084
Wachseldorn;3618
Wäckerschwend;3476
Wädenswil;8820
Wagen;8646
Wagenhausen;8259
Wagerswil;8564
Wahlen bei Laufen;4246
Wahlendorf;3046
Wahlenhütten;1738
Wahlern;3150
Walchwil;6318
Wald;8636
Wald;6034
Wald;9044
Wald;9105
Walde;8727
Walde;5046
Waldegg;3803
Waldegg bei Uitikon;8142
Waldenburg;4437
Waldhaus;3432
Waldhäusern;5624
Wäldi;8564
Waldkirch;9205
Waldstatt;9104
Walenstadt;8880
Walenstadtberg;8881
Walkringen;3512
Wallbach;4323
Wallenbuch;3206
Wallenried;1784
Wallenschwil;5636
Wallenwil;8360
Wallikon;8330
Wallisellen;8304
Walliswil bei Niederbipp;3380
Walliswil bei Wangen;3377
Walperswil;3272
Waltalingen;8468
Waltensburg/Vuorz;7158
Waltenschwil;5622
Waltenstein;8418
Walterswil;4942
Walterswil;5746
Waltikon;8126
Waltrigen;3463
Waltwil;3251
Walzenhausen;9428
Walzenhausen;9428
Wangelen;3615
Wangen;8855
Wangen an der Aare;3380
Wangen bei Dübendorf;8602
Wangen bei Olten;4612
Wangenried;3374
Wängi;9545
Wangs;7323
Wanzwil;3372
Wartau;9478
Warth;8532
Wasen;8165
Wasen im Emmental;3457
Wassen;6484
Wasserauen;9057
Wasserfluh;9620
Wasserwendi;6084
Wasterkingen;8195
Watt;8105
Wattenwil;3665
Wattenwil bei Worb;3076
Wattwil;9630
Wauwil;6242
Wauwilermoos;6243
Wavre;2075
Weckingen;8532
Weerswilen;8570
Weesen;8872
Wegenstetten;4317
Weggis;6353
Weiach;8187
Weier im Emmental;3462
Weieren;9523
Weiern;9547
Weinfelden;8570
Weingarten;9508
Weiningen;8104
Weiningen;8532
Weinstegen;4936
Weissbad;9057
Weissbad;9057
Weissenbach;3766
Weissenbach;5632
Weissenbühl;3000
Weissenburg;3764
Weissenburgberg;3764
Weissenried;3919
Weissenstein;3045
Weissenstein;3045
Weissenstein bei Solothurn;4515
Weisslingen;8484
Weisstannen;7326
Weite;9476
Welfensberg;9515
Wellenau;8494
Wellenberg;8500
Wellhausen;8552
Welschenrohr;4716
Welsikon;8474
Wengen;3823
Wengi bei Büren;3251
Wengi bei Frutigen;3714
Wengliswil;1715
Wenslingen;4493
Wenzikon;8354
Werd;8919
Werdenberg;9470
Werdthof;3273
Wergenstein;7433
Wermatswil;8615
Wernetshausen;8342
Werrikon;8606
Werthenstein;6106
Werthenstein-Unterdorf;6106
Wettingen;5430
Wettstein;4000
Wettswil am Albis;8907
Wetzikon;8620
Wetzikon;8512
Wickacker;3036
Widen;8967
Widen;5425
Widlisbach;4522
Widnau;9443
Widnau;9443
Wiedikon;8000
Wiedlisbach;4537
Wienacht;9405
Wierezwil;3255
Wiesen;7494
Wiesenberg;6383
Wiesendangen;8542
Wiesholz;8262
Wiezikon bei Sirnach;8372
Wigetshof;9621
Wiggen;6192
Wiggiswil;3053
Wiggwil;5637
Wigoltingen;8556
Wikartswil;3512
Wikon;4806
Wil;8196
Wil;6436
Wil;9500
Wil;5276
Wil bei Dübendorf;8600
Wil bei Starrkirch;4656
Wil bei Turgi;5300
Wila;8492
Wilchingen;8217
Wildberg;8489
Wildegg;5103
Wildensbuch;8465
Wilderswil;3812
Wildhaus;9658
Wildi;3928
Wilen;6062
Wilen;9100
Wilen;9428
Wilen (Gottshaus);9225
Wilen bei Herdern;8535
Wilen bei Neunforn;8525
Wilen bei Neunforn;8525
Wilen bei Wil;9535
Wilen bei Wollerau;8832
Wiler;8427
Wiler;6482
Wiler;4252
Wiler (Lötschen);3918
Wiler bei Seedorf;3266
Wiler bei Utzenstorf;3428
Wiler vor Holz;1714
Wileroltigen;3207
Wiliberg;5058
Wilihof;6236
Willadingen;3425
Willerzell;8846
Willigen;3860
Willikon;8618
Willisau;6130
Willisdorf;8253
Wimmis;3752
Winden;9315
Windisch;5210
Windlach;8175
Wingreis;2513
Winikon;6235
Winistorf;4558
Winkel;8185
Winkeln;9015
Winterberg;8312
Winterhalden;5647
Winterhalden;5647
Winterschwil;5637
Wintersingen;4451
Winterthur;8400
Winznau;4652
Wipkingen;8000
Wirzweli;6383
Wisen;4634
Wislikofen;5463
Witikon;8000
Wittenbach;9300
Wittenwil;9547
Witterswil;4108
Witti;9430
Wittinsburg;4443
Wittnau;5064
Wittwil;5053
Witzwil;3236
Wohlei;3033
Wohlen;5610
Wohlen bei Bern;3033
Wohlenschwil;5512
Wolfenschiessen;6386
Wolfertswil;9116
Wolfgang;7265
Wolfhalden;9427
Wolfhalden;9427
Wolfhausen;8633
Wolfikon;9533
Wolfikon;8514
Wolfisberg;4704
Wölflinswil;5063
Wölflisried;3036
Wolfwil;4628
Wolhusen;6110
Wolhusen;6110
Wollerau;8832
Wollishofen;8000
Wolsen;8912
Worb;3076
Worben;3252
Worblaufen;3048
Worblaufen;3048
Wöschnau;5012
Wülflingen;8400
Wünnewil;3184
Wuppenau;9514
Würenlingen;5303
Würenlos;5436
Wyler;3862
Wynau;4923
Wynigen;3472
Wyssachen;4954
Wyssbach;4934
Yens;1169
Ypresses;1981
Yverdon-les-Bains;1400
Yvonand;1462
Yvorne;1853
Zalende;7748
Zalön;7107
Zauggenried;3309
Zäziwil;3532
Zeglingen;4495
Zeihen;5079
Zeiningen;4314
Zelg bei Wolfhalden;9427
Zell;8487
Zell;6144
Zénauva;1724
Zeneggen;3934
Zermatt;3920
Zernez;7530
Zetzwil;5732
Zezikon;9556
Ziefen;4417
Ziegelbrücke;8866
Ziegelbrücke;8866
Ziegelried;3054
Zielebach;4564
Zignau;7167
Zihlbrücke;3238
Zihlschlacht;8588
Zillis;7432
Zimikon;8604
Zimlisberg;3255
Zimmerwald;3086
Zinal;3961
Zizers;7205
Zofingen;4800
Zollbrück;3436
Zollbrück;3436
Zollhaus;1716
Zollikerberg;8125
Zollikofen;3052
Zollikon;8702
Zollikon Dorf;8702
Zorten;7082
Zuben;8585
Züberwangen;9523
Zuchwil;4528
Zuckenriet;9526
Zufikon;5621
Zug;6300
Zugerberg;6300
Zullwil;4234
Zumholz;1713
Zumholz bei Plaffeien;1719
Zumikon;8126
Zünikon;8543
Zunzgen;4455
Zuort;7557
Zuoz;7524
Zürchersmühle;9107
Zürich;8000
Zuzgen;4315
Zuzwil;3303
Zuzwil;9524
Zweidlen;8192
Zweilütschinen;3815
Zweisimmen;3770
Zwieselberg;3645
Zwillikon;8909
Zwingen;4222
Zwischbergen;3907
Zwischenflüh;3756